CommonNeighbor,AdamicAdar,JaccardCoefficient,PreferentialAttachment,ResourceAllocation,ShortestPath,CommonCountry,Label
6,2.634872111,0.454545455,60,0.75,1,6,1
0,6.179604632,0.846153846,144,1.851322751,1,0,1
0,1.948512549,0.307692308,60,0.52037037,1,0,1
0,0.303413076,0.047619048,120,0.037037037,0.5,0,1
7,2.953524108,0.545454545,70,0.787337662,1,7,1
9,2.873920247,0.75,49,0.744480519,1,9,1
9,2.873920247,0.75,49,0.744480519,1,9,1
7,2.970786198,0.5,77,0.796428571,1,7,1
0,1.948512549,0.307692308,60,0.52037037,1,0,1
4,0.303413076,0.047619048,120,0.037037037,0.5,4,1
6,2.295666814,0.571428571,30,0.7,1,6,1
5,3.080238643,0.714285714,36,0.983333333,1,5,1
5,3.080238643,0.714285714,36,0.983333333,1,5,1
5,3.080238643,0.714285714,36,0.983333333,1,5,1
4,2.485339738,0.333333333,55,0.8,1,4,1
5,2.790553133,0.416666667,66,0.833333333,1,5,1
0,3.366288429,0.14,392,0.875,1,0,1
2,3.366288429,0.14,392,0.875,1,2,1
0,3.366288429,0.14,392,0.875,1,0,1
0,3.366288429,0.14,392,0.875,1,0,1
0,3.366288429,0.14,392,0.875,1,0,1
0,3.366288429,0.14,392,0.875,1,0,1
7,2.485339738,0.666666667,25,0.8,1,7,1
5,2.485339738,0.666666667,25,0.8,1,5,1
0,5.831196553,0.619047619,280,1.408661192,1,0,1
7,2.959998134,0.333333333,160,0.662337662,1,7,1
0,2.666736988,0.238095238,120,0.766666667,1,0,1
6,3.212222703,0.233333333,340,0.796266234,1,6,1
5,2.787472675,0.2,320,0.701680672,1,5,1
10,2.959998134,0.333333333,160,0.662337662,1,10,1
0,2.634248093,0.285714286,140,0.621323529,1,0,1
5,2.634248093,0.285714286,140,0.621323529,1,5,1
3,2.000805667,0.428571429,24,0.666666667,1,3,1
4,1.442695041,0.142857143,12,0.5,1,4,1
5,2.622313751,0.714285714,36,0.743589744,1,5,1
5,2.790553133,0.357142857,78,0.833333333,1,5,1
0,2.622313751,0.714285714,36,0.743589744,1,0,1
5,2.622313751,0.714285714,36,0.743589744,1,5,1
3,2.164042561,0.6,16,0.75,1,3,1
0,2.164042561,0.6,16,0.75,1,0,1
3,2.164042561,0.6,16,0.75,1,3,1
4,2.164042561,0.6,16,0.75,1,4,1
24,8.121906192,0.913043478,484,1.593941147,1,24,1
0,0.679246544,0.068965517,198,0.105263158,0.5,0,1
0,0.679246544,0.068965517,198,0.105263158,0.5,0,1
7,2.953524108,0.545454545,70,0.787337662,1,7,1
7,2.953524108,0.545454545,70,0.787337662,1,7,1
7,3.050390059,0.4,110,0.839285714,1,7,1
0,3.188803157,0.466666667,112,0.787037037,1,0,1
5,2.790553133,0.357142857,78,0.833333333,1,5,1
0,2.622313751,0.714285714,36,0.743589744,1,0,1
5,2.622313751,0.714285714,36,0.743589744,1,5,1
0,2.790553133,0.357142857,78,0.833333333,1,0,1
7,2.790553133,0.357142857,78,0.833333333,1,7,1
0,2.164042561,0.6,16,0.75,1,0,1
3,1.820478453,0.5,9,0.666666667,1,3,1
0,2.790553133,0.714285714,36,0.833333333,1,0,1
2,2.790553133,0.714285714,36,0.833333333,1,2,1
9,3.48288688,0.8,81,0.805555556,1,9,1
9,3.535576889,0.615384615,108,0.833333333,1,9,1
12,4.954595694,0.285714286,243,1.583333333,1,12,1
3,0.851326873,0.111111111,51,0.190909091,1,3,1
5,2.164042561,0.6,16,0.75,1,5,1
0,2.120953975,0.16,120,0.620408163,1,0,1
1,0.31465798,0.090909091,35,0.041666667,0.5,1,1
4,2.485339738,0.4,45,0.8,1,4,1
0,2.485339738,0.4,45,0.8,1,0,1
0,2.485339738,0.4,45,0.8,1,0,1
1,0,0,1,0,1,1,1
8,3.103634427,0.28,192,0.737373737,1,8,1
11,9.402095276,0.68,432,2.771103896,1,11,1
10,7.601707855,0.52,336,2.346031746,1,10,1
0,2.319124417,0.666666667,25,0.711111111,1,0,1
8,2.000805667,0.115384615,100,0.666666667,1,8,1
8,1.753362508,0.428571429,24,0.54,1,8,1
2,0.310667467,0.071428571,44,0.04,0.5,2,1
8,1.590125614,0.6,16,0.456666667,1,8,1
6,3.640956907,0.8,81,0.888888889,1,6,1
6,3.640956907,0.8,81,0.888888889,1,6,1
0,2.485339738,0.666666667,25,0.8,1,0,1
12,3.984521015,0.192307692,150,1.416666667,1,12,1
10,4.106247647,0.384615385,275,0.877005348,1,10,1
8,2.000805667,0.115384615,100,0.666666667,1,8,1
3,1.820478453,0.5,9,0.666666667,1,3,1
6,2.344903151,0.444444444,40,0.725,1,6,1
8,4.6493823,0.777777778,64,1.55,1,8,1
5,2.344903151,0.333333333,55,0.725,1,5,1
5,2.281037195,0.444444444,40,0.690909091,1,5,1
4,2.164042561,0.6,16,0.75,1,4,1
0,1.442695041,0.25,6,0.5,1,0,1
16,5.535562145,0.695652174,374,0.891329259,1,16,1
0,3.083390054,0.75,49,0.857142857,1,0,1
6,3.083390054,0.75,49,0.857142857,1,6,1
0,3.083390054,0.75,49,0.857142857,1,0,1
0,3.083390054,0.75,49,0.857142857,1,0,1
2,3.083390054,0.75,49,0.857142857,1,2,1
0,3.083390054,0.75,49,0.857142857,1,0,1
0,1.820478453,0.5,9,0.666666667,1,0,1
2,1.820478453,0.5,9,0.666666667,1,2,1
0,1.820478453,0.5,9,0.666666667,1,0,1
2,1.442695041,0.090909091,20,0.5,1,2,1
7,3.083390054,0.75,49,0.857142857,1,7,1
6,3.083390054,0.75,49,0.857142857,1,6,1
5,1.820478453,0.5,9,0.666666667,1,5,1
5,1.820478453,0.5,9,0.666666667,1,5,1
6,2.51370892,0.172413793,253,0.695238095,1,6,1
2,0.318928989,0.041666667,154,0.043478261,0.5,2,1
2,0.318928989,0.041666667,154,0.043478261,0.5,2,1
6,2.274527283,0.416666667,66,0.572049689,1,6,1
2,0.318928989,0.041666667,154,0.043478261,0.5,2,1
4,1.442695041,0.066666667,28,0.5,1,4,1
4,2.164042561,0.6,16,0.75,1,4,1
0,2.164042561,0.6,16,0.75,1,0,1
4,2.164042561,0.6,16,0.75,1,4,1
0,3.173455886,0.388888889,136,0.774853801,1,0,1
9,4.109473847,0.444444444,153,1.122076023,1,9,1
9,4.109473847,0.444444444,153,1.122076023,1,9,1
0,3.173455886,0.388888889,136,0.774853801,1,0,1
4,2.253876049,0.666666667,25,0.676923077,1,4,1
0,2.253876049,0.666666667,25,0.676923077,1,0,1
1,1.442695041,0.25,6,0.5,1,1,1
6,2.164042561,0.6,16,0.75,1,6,1
6,2.164042561,0.6,16,0.75,1,6,1
3,4.106247647,0.588235294,176,0.877005348,1,3,1
2,2.790553133,0.714285714,36,0.833333333,1,2,1
0,10.95310864,0.47826087,1155,2.943528694,1,0,1
0,2.447340205,0.176470588,231,0.53009768,1,0,1
0,5.365730282,0.352941176,429,1.297954823,1,0,1
0,2.447340205,0.176470588,231,0.53009768,1,0,1
4,2.452073458,0.166666667,245,0.531829282,1,4,1
3,5.370463535,0.333333333,455,1.299686425,1,3,1
0,2.452073458,0.166666667,245,0.531829282,1,0,1
4,1.923593388,0.333333333,32,0.625,1,4,1
6,1.923593388,0.333333333,32,0.625,1,6,1
2,1.442695041,0.090909091,20,0.5,1,2,1
5,2.485339738,0.666666667,25,0.8,1,5,1
5,2.485339738,0.666666667,25,0.8,1,5,1
4,2.634872111,0.714285714,36,0.75,1,4,1
6,3.878798443,0.5,104,1.15,1,6,1
0,3.878798443,0.5,104,1.15,1,0,1
0,2.064029975,0.285714286,65,0.575,1,0,1
6,3.878798443,0.5,104,1.15,1,6,1
2,1.820478453,0.111111111,51,0.666666667,1,2,1
0,1.468349853,0.111111111,51,0.5,1,0,1
7,3.024611325,0.666666667,56,0.825396825,1,7,1
9,2.99161133,0.75,49,0.807539683,1,9,1
7,2.99161133,0.75,49,0.807539683,1,7,1
7,3.050390059,0.6,63,0.839285714,1,7,1
9,2.99161133,0.75,49,0.807539683,1,9,1
7,2.99161133,0.75,49,0.807539683,1,7,1
2,0.558110627,0.2,8,0.166666667,0.5,2,1
3,2.164042561,0.136363636,84,0.75,1,3,1
3,0.328458739,0.125,20,0.047619048,0.5,3,1
2,0.328458739,0.066666667,48,0.047619048,0.5,2,1
0,2.164042561,0.6,16,0.75,1,0,1
4,2.164042561,0.6,16,0.75,1,4,1
2,0.72134752,0.2,8,0.25,1,2,1
17,6.483856115,0.390243902,810,1.381481481,1,17,1
24,6.864962327,0.678571429,540,1.212037037,1,24,1
13,3.328144859,0.285714286,243,0.737037037,1,13,1
24,6.864962327,0.678571429,540,1.212037037,1,24,1
24,6.864962327,0.678571429,540,1.212037037,1,24,1
34,10.08119475,0.928571429,729,2.002777778,1,34,1
3,0.588028208,0.051282051,378,0.066666667,0.5,3,1
3,1.820478453,0.5,9,0.666666667,1,3,1
17,5.881596356,0.414634146,832,0.944444444,1,17,1
6,2.164042561,0.6,16,0.75,1,6,1
2,1.442695041,0.142857143,12,0.5,1,2,1
6,2.164042561,0.428571429,24,0.75,1,6,1
11,4.34321396,0.846153846,144,0.875,1,11,1
11,3.083390054,0.75,49,0.857142857,1,11,1
5,2.58539863,0.357142857,78,0.725490196,1,5,1
5,2.417159249,0.714285714,36,0.635746606,1,5,1
5,2.417159249,0.714285714,36,0.635746606,1,5,1
0,2.253876049,0.666666667,25,0.676923077,1,0,1
6,2.253876049,0.666666667,25,0.676923077,1,6,1
4,2.485339738,0.285714286,65,0.8,1,4,1
6,2.253876049,0.666666667,25,0.676923077,1,6,1
2,0,0,1,0,1,2,1
6,1.820478453,0.5,9,0.666666667,1,6,1
7,3.575708538,0.533333333,126,0.854700855,1,7,1
7,3.024611325,0.666666667,56,0.825396825,1,7,1
7,3.024611325,0.666666667,56,0.825396825,1,7,1
9,3.083390054,0.545454545,72,0.857142857,1,9,1
7,3.024611325,0.666666667,56,0.825396825,1,7,1
9,3.024611325,0.666666667,56,0.825396825,1,9,1
0,0,0,1,0,1,0,1
0,3.071292397,0.7,72,0.722566219,1,0,1
0,3.071292397,0.7,72,0.722566219,1,0,1
2,3.045513663,0.777777778,64,0.708677331,1,2,1
3,1.468349853,0.222222222,24,0.5,1,3,1
5,3.366288429,0.411764706,128,0.875,1,5,1
5,3.366288429,0.411764706,128,0.875,1,5,1
9,3.535576889,0.615384615,108,0.833333333,1,9,1
5,2.295666814,0.571428571,30,0.7,1,5,1
5,2.295666814,0.571428571,30,0.7,1,5,1
5,2.295666814,0.571428571,30,0.7,1,5,1
7,2.99161133,0.75,49,0.807539683,1,7,1
7,3.050390059,0.6,63,0.839285714,1,7,1
9,2.99161133,0.75,49,0.807539683,1,9,1
7,2.99161133,0.75,49,0.807539683,1,7,1
9,3.538793417,0.444444444,153,0.836601307,1,9,1
9,3.538793417,0.444444444,153,0.836601307,1,9,1
9,3.436629928,0.8,81,0.784313725,1,9,1
14,3.502416657,0.380952381,180,0.816666667,1,14,1
2,1.820478453,0.222222222,24,0.666666667,1,2,1
0,1.820478453,0.222222222,24,0.666666667,1,0,1
2,1.820478453,0.222222222,24,0.666666667,1,2,1
6,3.640956907,0.8,81,0.888888889,1,6,1
3,1.442695041,0.333333333,4,0.5,1,3,1
6,2.848275138,0.4,45,0.952380952,1,6,1
7,3.367675783,0.6,63,1.00952381,1,7,1
5,2.702128564,0.5,54,0.785714286,1,5,1
0,2.253876049,0.666666667,25,0.676923077,1,0,1
5,2.485339738,0.666666667,25,0.8,1,5,1
8,2.485339738,0.666666667,25,0.8,1,8,1
8,2.485339738,0.666666667,25,0.8,1,8,1
5,2.485339738,0.666666667,25,0.8,1,5,1
5,2.485339738,0.666666667,25,0.8,1,5,1
10,3.083390054,0.75,49,0.857142857,1,10,1
10,3.083390054,0.75,49,0.857142857,1,10,1
6,3.083390054,0.75,49,0.857142857,1,6,1
10,3.083390054,0.75,49,0.857142857,1,10,1
4,2.485339738,0.5,35,0.8,1,4,1
1,1.442695041,0.083333333,42,0.5,1,1,1
0,0.558110627,0.125,14,0.166666667,1,0,1
3,2.790553133,0.714285714,36,0.833333333,1,3,1
0,0.455119613,0.333333333,3,0.111111111,0.5,0,1
0,1.820478453,0.2,27,0.666666667,1,0,1
3,0.389871245,0.083333333,40,0.076923077,0.5,3,1
7,3.105030447,0.5,104,0.741923077,1,7,1
8,3.238556518,0.583333333,88,0.806818182,1,8,1
12,3.238556518,0.583333333,88,0.806818182,1,12,1
6,3.640956907,0.8,81,0.888888889,1,6,1
4,1.631586747,0.5,9,0.583333333,1,4,1
7,2.028971634,0.25,75,0.557575758,1,7,1
12,3.190793499,0.4375,120,0.782575758,1,12,1
12,3.190793499,0.4375,120,0.782575758,1,12,1
11,5.118664259,0.625,165,1.416666667,1,11,1
7,1.155571138,0.3,40,0.224242424,0.5,7,1
7,1.155571138,0.3,40,0.224242424,0.5,7,1
5,1.981208615,0.333333333,55,0.533333333,1,5,1
8,3.083390054,0.75,49,0.857142857,1,8,1
8,3.083390054,0.75,49,0.857142857,1,8,1
8,3.083390054,0.75,49,0.857142857,1,8,1
5,2.266434408,0.666666667,25,0.683333333,1,5,1
5,2.266434408,0.666666667,25,0.683333333,1,5,1
4,2.485339738,0.666666667,25,0.8,1,4,1
2,0,0,1,0,1,2,1
1,1.820478453,0.5,9,0.666666667,1,1,1
4,2.485339738,0.285714286,65,0.8,1,4,1
6,2.253876049,0.666666667,25,0.676923077,1,6,1
8,2.485339738,0.666666667,25,0.8,1,8,1
4,1.820478453,0.5,9,0.666666667,1,4,1
0,7.942630202,0.882352941,256,2.255871725,1,0,1
12,3.079164525,0.777777778,64,0.724242424,1,12,1
8,3.143030481,0.583333333,88,0.758333333,1,8,1
8,3.143030481,0.583333333,88,0.758333333,1,8,1
0,2.485339738,0.285714286,65,0.8,1,0,1
10,2.485339738,0.666666667,25,0.8,1,10,1
10,2.485339738,0.666666667,25,0.8,1,10,1
10,2.485339738,0.666666667,25,0.8,1,10,1
10,2.485339738,0.666666667,25,0.8,1,10,1
10,2.485339738,0.666666667,25,0.8,1,10,1
8,3.083390054,0.75,49,0.857142857,1,8,1
8,3.083390054,0.75,49,0.857142857,1,8,1
10,2.42211543,0.333333333,55,0.766666667,1,10,1
7,2.790553133,0.277777778,102,0.833333333,1,7,1
7,2.790553133,0.277777778,102,0.833333333,1,7,1
7,2.790553133,0.277777778,102,0.833333333,1,7,1
0,2.790553133,0.714285714,36,0.833333333,1,0,1
0,2.790553133,0.714285714,36,0.833333333,1,0,1
7,2.790553133,0.714285714,36,0.833333333,1,7,1
7,2.790553133,0.714285714,36,0.833333333,1,7,1
7,2.790553133,0.714285714,36,0.833333333,1,7,1
7,2.938761085,0.75,49,0.780952381,1,7,1
10,2.938761085,0.75,49,0.780952381,1,10,1
10,2.938761085,0.75,49,0.780952381,1,10,1
10,2.938761085,0.75,49,0.780952381,1,10,1
0,1.820478453,0.5,9,0.666666667,1,0,1
4,2.164042561,0.6,16,0.75,1,4,1
4,2.164042561,0.6,16,0.75,1,4,1
0,1.820478453,0.5,9,0.666666667,1,0,1
10,2.485339738,0.666666667,25,0.8,1,10,1
8,3.083390054,0.75,49,0.857142857,1,8,1
9,3.864810471,0.625,42,1.266666667,1,9,1
2,0,0,7,0,1,2,1
14,8.017543668,0.888888889,289,2.164285714,1,14,1
6,2.652497514,0.333333333,119,0.630252101,1,6,1
4,2.485339738,0.666666667,25,0.8,1,4,1
16,3.254659455,0.777777778,64,0.816666667,1,16,1
16,3.254659455,0.777777778,64,0.816666667,1,16,1
16,3.254659455,0.777777778,64,0.816666667,1,16,1
16,3.254659455,0.777777778,64,0.816666667,1,16,1
16,3.254659455,0.777777778,64,0.816666667,1,16,1
16,3.254659455,0.777777778,64,0.816666667,1,16,1
16,3.254659455,0.777777778,64,0.816666667,1,16,1
16,3.254659455,0.777777778,64,0.816666667,1,16,1
16,3.254659455,0.777777778,64,0.816666667,1,16,1
16,3.254659455,0.777777778,64,0.816666667,1,16,1
0,1.820478453,0.5,9,0.666666667,1,0,-1
2,1.820478453,0.5,9,0.666666667,1,2,-1
3,1.820478453,0.5,9,0.666666667,1,3,-1
2,1.442695041,0.333333333,4,0.5,1,2,-1
0,1.442695041,0.333333333,4,0.5,1,0,-1
0,2.885390082,0.4,12,1,1,0,-1
0,0.910239227,0.2,8,0.333333333,1,0,-1
1,0,0,4,0,1,1,-1
0,0.910239227,0.2,8,0.333333333,1,0,-1
4,2.636128574,0.714285714,36,0.75,1,4,-1
0,2.636128574,0.714285714,36,0.75,1,0,-1
4,2.713340853,0.555555556,48,0.791666667,1,4,-1
0,2.636128574,0.714285714,36,0.75,1,0,-1
4,2.713340853,0.555555556,48,0.791666667,1,4,-1
4,2.636128574,0.714285714,36,0.75,1,4,-1
3,0.961796694,0.285714286,18,0.25,0.5,3,-1
3,0.961796694,0.285714286,18,0.25,0.5,3,-1
0,0.910239227,0.2,8,0.333333333,0.5,0,-1
0,1.820478453,0.4,12,0.666666667,1,0,-1
2,0,0,12,0,1,2,-1
0,0.910239227,0.2,8,0.333333333,0.5,0,-1
0,1.820478453,0.4,12,0.666666667,1,0,-1
0,1.820478453,0.4,12,0.666666667,1,0,-1
0,2.164042561,0.375,28,0.75,1,0,-1
1,1.956593383,0.6,16,0.642857143,1,1,-1
0,1.956593383,0.6,16,0.642857143,1,0,-1
0,1.956593383,0.6,16,0.642857143,1,0,-1
0,0.513898342,0.125,20,0.142857143,0.5,0,-1
0,0.513898342,0.166666667,12,0.142857143,0.5,0,-1
0,0.513898342,0.166666667,12,0.142857143,0.5,0,-1
5,2.028971634,0.25,75,0.557575758,1,5,-1
8,1.711951828,0.1875,60,0.516666667,1,8,-1
8,2.722203641,0.25,75,0.9,1,8,-1
8,1.711951828,0.1875,60,0.516666667,1,8,-1
8,3.190793499,0.4375,120,0.782575758,1,8,-1
12,3.190793499,0.4375,120,0.782575758,1,12,-1
8,3.190793499,0.4375,120,0.782575758,1,8,-1
5,2.028971634,0.25,75,0.557575758,1,5,-1
0,0.990604308,0.125,45,0.266666667,1,0,-1
8,3.190793499,0.4375,120,0.782575758,1,8,-1
4,1.442695041,0.333333333,4,0.5,1,4,-1
4,1.442695041,0.333333333,4,0.5,1,4,-1
7,3.640956907,0.8,81,0.888888889,1,7,-1
8,3.640956907,0.8,81,0.888888889,1,8,-1
7,3.640956907,0.8,81,0.888888889,1,7,-1
7,3.640956907,0.8,81,0.888888889,1,7,-1
0,3.640956907,0.8,81,0.888888889,1,0,-1
7,3.640956907,0.8,81,0.888888889,1,7,-1
0,3.640956907,0.8,81,0.888888889,1,0,-1
7,3.640956907,0.8,81,0.888888889,1,7,-1
7,3.640956907,0.8,81,0.888888889,1,7,-1
0,0.345976256,0.058823529,56,0.055555556,0.5,0,-1
0,0.345976256,0.058823529,56,0.055555556,0.5,0,-1
0,0.345976256,0.058823529,56,0.055555556,0.5,0,-1
0,0.345976256,0.058823529,56,0.055555556,0.5,0,-1
0,0.345976256,0.058823529,56,0.055555556,0.5,0,-1
0,1.788671297,0.6,16,0.555555556,1,0,-1
0,1.788671297,0.6,16,0.555555556,1,0,-1
1,2.164042561,0.157894737,72,0.75,1,1,-1
0,1.788671297,0.6,16,0.555555556,1,0,-1
0,0.345976256,0.058823529,56,0.055555556,0.5,0,-1
0,0.345976256,0.058823529,56,0.055555556,0.5,0,-1
0,0.345976256,0.058823529,56,0.055555556,0.5,0,-1
0,0.345976256,0.058823529,56,0.055555556,0.5,0,-1
0,0.345976256,0.058823529,56,0.055555556,0.5,0,-1
0,0.345976256,0.058823529,56,0.055555556,0.5,0,-1
0,0.345976256,0.058823529,56,0.055555556,0.5,0,-1
0,0.345976256,0.058823529,56,0.055555556,0.5,0,-1
0,0.345976256,0.058823529,56,0.055555556,0.5,0,-1
5,1.820478453,0.5,9,0.666666667,1,5,-1
5,1.820478453,0.5,9,0.666666667,1,5,-1
3,1.820478453,0.5,9,0.666666667,1,3,-1
3,1.820478453,0.5,9,0.666666667,1,3,-1
3,1.820478453,0.5,9,0.666666667,1,3,-1
3,1.820478453,0.5,9,0.666666667,1,3,-1
10,2.485339738,0.666666667,25,0.8,1,10,-1
17,4.678454943,0.857142857,169,0.923076923,1,17,-1
12,4.678454943,0.857142857,169,0.923076923,1,12,-1
12,4.678454943,0.857142857,169,0.923076923,1,12,-1
0,4.678454943,0.857142857,169,0.923076923,1,0,-1
12,4.678454943,0.857142857,169,0.923076923,1,12,-1
12,4.678454943,0.857142857,169,0.923076923,1,12,-1
12,4.678454943,0.857142857,169,0.923076923,1,12,-1
12,4.678454943,0.857142857,169,0.923076923,1,12,-1
12,4.678454943,0.857142857,169,0.923076923,1,12,-1
17,4.678454943,0.857142857,169,0.923076923,1,17,-1
17,4.678454943,0.857142857,169,0.923076923,1,17,-1
17,4.678454943,0.857142857,169,0.923076923,1,17,-1
7,2.99161133,0.75,49,0.807539683,1,7,-1
7,3.024611325,0.666666667,56,0.825396825,1,7,-1
7,2.99161133,0.75,49,0.807539683,1,7,-1
7,2.99161133,0.75,49,0.807539683,1,7,-1
7,3.050390059,0.6,63,0.839285714,1,7,-1
7,2.99161133,0.75,49,0.807539683,1,7,-1
7,2.99161133,0.75,49,0.807539683,1,7,-1
0,0.455119613,0.058823529,77,0.111111111,0.5,0,-1
0,0.480898347,0.142857143,7,0.125,0.5,0,-1
0,0.455119613,0.125,14,0.111111111,0.5,0,-1
4,1.820478453,0.333333333,15,0.666666667,1,4,-1
3,1.531574161,0.5,9,0.533333333,1,3,-1
3,1.531574161,0.5,9,0.533333333,1,3,-1
0,0.621334935,0.25,6,0.2,0.5,0,-1
0,0.621334935,0.25,6,0.2,0.5,0,-1
2,0.378923182,0.076923077,45,0.071428571,0.5,2,-1
2,0.378923182,0.058823529,81,0.071428571,0.5,2,-1
7,3.499512107,0.8,81,0.815018315,1,7,-1
7,3.499512107,0.8,81,0.815018315,1,7,-1
2,0.378923182,0.076923077,45,0.071428571,0.5,2,-1
7,3.575708538,0.533333333,126,0.854700855,1,7,-1
2,0.378923182,0.066666667,63,0.071428571,0.5,2,-1
2,0.389871245,0.083333333,36,0.076923077,0.5,2,-1
7,3.564760475,0.571428571,117,0.849206349,1,7,-1
2,0.378923182,0.076923077,45,0.071428571,0.5,2,-1
2,0.389871245,0.083333333,36,0.076923077,0.5,2,-1
2,0.389871245,0.083333333,36,0.076923077,0.5,2,-1
2,0.389871245,0.083333333,36,0.076923077,0.5,2,-1
0,3.499512107,0.8,81,0.815018315,1,0,-1
0,3.499512107,0.8,81,0.815018315,1,0,-1
7,3.499512107,0.8,81,0.815018315,1,7,-1
7,3.499512107,0.8,81,0.815018315,1,7,-1
7,3.499512107,0.8,81,0.815018315,1,7,-1
0,4.759778176,0.325,546,0.850649351,1,0,-1
0,0.27295842,0.028571429,308,0.025641026,0.5,0,-1
0,4.709221144,0.565217391,308,0.830835831,1,0,-1
0,4.653813415,0.866666667,196,0.804861805,1,0,-1
8,4.653813415,0.866666667,196,0.804861805,1,8,-1
0,0.27295842,0.038461538,182,0.025641026,0.5,0,-1
0,0.27295842,0.028571429,308,0.025641026,0.5,0,-1
0,0.323515453,0.047619048,112,0.045454545,0.5,0,-1
0,0.27295842,0.038461538,182,0.025641026,0.5,0,-1
0,4.653813415,0.866666667,196,0.804861805,1,0,-1
0,0.27295842,0.041666667,154,0.025641026,0.5,0,-1
0,0.27295842,0.037037037,196,0.025641026,0.5,0,-1
0,0.27295842,0.041666667,154,0.025641026,0.5,0,-1
0,0.27295842,0.058823529,56,0.025641026,0.5,0,-1
0,0.27295842,0.041666667,154,0.025641026,0.5,0,-1
0,0.27295842,0.038461538,182,0.025641026,0.5,0,-1
0,0.27295842,0.038461538,182,0.025641026,0.5,0,-1
0,0.27295842,0.038461538,182,0.025641026,0.5,0,-1
0,0.27295842,0.038461538,182,0.025641026,0.5,0,-1
0,0.27295842,0.038461538,182,0.025641026,0.5,0,-1
0,0.27295842,0.038461538,182,0.025641026,0.5,0,-1
0,0.27295842,0.058823529,56,0.025641026,0.5,0,-1
0,0.27295842,0.038461538,182,0.025641026,0.5,0,-1
0,0.27295842,0.041666667,154,0.025641026,0.5,0,-1
0,0.27295842,0.03125,266,0.025641026,0.5,0,-1
8,4.653813415,0.866666667,196,0.804861805,1,8,-1
0,0.647030906,0.095238095,126,0.090909091,0.5,0,-1
0,0.647030906,0.095238095,126,0.090909091,0.5,0,-1
0,0.647030906,0.095238095,126,0.090909091,0.5,0,-1
0,0.323515453,0.047619048,112,0.045454545,0.5,0,-1
0,4.653813415,0.866666667,196,0.804861805,1,0,-1
0,0.27295842,0.03125,266,0.025641026,0.5,0,-1
0,0.647030906,0.095238095,126,0.090909091,0.5,0,-1
0,0.647030906,0.095238095,126,0.090909091,0.5,0,-1
0,4.709221144,0.565217391,308,0.830835831,1,0,-1
0,4.709221144,0.565217391,308,0.830835831,1,0,-1
0,0.647030906,0.095238095,126,0.090909091,0.5,0,-1
0,0.647030906,0.095238095,126,0.090909091,0.5,0,-1
0,0.647030906,0.060606061,294,0.090909091,0.5,0,-1
0,4.653813415,0.866666667,196,0.804861805,1,0,-1
0,4.653813415,0.866666667,196,0.804861805,1,0,-1
8,4.653813415,0.866666667,196,0.804861805,1,8,-1
8,4.653813415,0.866666667,196,0.804861805,1,8,-1
0,4.653813415,0.866666667,196,0.804861805,1,0,-1
0,0.27295842,0.058823529,56,0.025641026,0.5,0,-1
0,0.27295842,0.038461538,182,0.025641026,0.5,0,-1
0,0.323515453,0.047619048,112,0.045454545,0.5,0,-1
0,0.27295842,0.038461538,182,0.025641026,0.5,0,-1
0,0.27295842,0.041666667,154,0.025641026,0.5,0,-1
0,0.323515453,0.047619048,112,0.045454545,0.5,0,-1
0,0.323515453,0.047619048,112,0.045454545,0.5,0,-1
0,0.27295842,0.041666667,154,0.025641026,0.5,0,-1
0,0.323515453,0.047619048,112,0.045454545,0.5,0,-1
0,0.323515453,0.047619048,112,0.045454545,0.5,0,-1
0,0.323515453,0.047619048,112,0.045454545,0.5,0,-1
4,2.164042561,0.6,16,0.75,1,4,-1
4,2.164042561,0.6,16,0.75,1,4,-1
4,2.164042561,0.6,16,0.75,1,4,-1
4,2.164042561,0.6,16,0.75,1,4,-1
7,2.164042561,0.6,16,0.75,1,7,-1
4,2.164042561,0.6,16,0.75,1,4,-1
7,2.164042561,0.6,16,0.75,1,7,-1
7,2.164042561,0.6,16,0.75,1,7,-1
2,0.513898342,0.125,14,0.142857143,0.5,2,-1
10,3.23948451,0.75,49,0.93968254,1,10,-1
4,0.969017956,0.25,21,0.253968254,0.5,4,-1
2,0.513898342,0.125,14,0.142857143,0.5,2,-1
5,2.104251233,0.4,49,0.596825397,1,5,-1
10,3.298263239,0.6,63,0.971428571,1,10,-1
2,0.969017956,0.25,21,0.253968254,0.5,2,-1
5,1.99681464,0.5,35,0.53968254,1,5,-1
8,1.99681464,0.5,35,0.53968254,1,8,-1
10,3.23948451,0.75,49,0.93968254,1,10,-1
0,2.104251233,0.4,49,0.596825397,1,0,-1
7,2.611365688,0.294117647,96,0.738095238,1,7,-1
0,3.777768931,0.529411765,160,0.837037037,1,0,-1
1,3.777768931,0.529411765,160,0.837037037,1,1,-1
0,0.303413076,0.052631579,64,0.037037037,0.5,0,-1
0,0.303413076,0.05,80,0.037037037,0.5,0,-1
0,0.303413076,0.052631579,64,0.037037037,0.5,0,-1
0,3.908650337,0.264705882,432,0.9,1,0,-1
0,0.303413076,0.037037037,192,0.037037037,0.5,0,-1
0,0.303413076,0.037037037,192,0.037037037,0.5,0,-1
0,0.303413076,0.041666667,144,0.037037037,0.5,0,-1
0,3.777768931,0.529411765,160,0.837037037,1,0,-1
0,0.303413076,0.05,80,0.037037037,0.5,0,-1
0,0.303413076,0.045454545,112,0.037037037,0.5,0,-1
0,0.303413076,0.045454545,112,0.037037037,0.5,0,-1
0,3.777768931,0.529411765,160,0.837037037,1,0,-1
0,0.303413076,0.05,80,0.037037037,0.5,0,-1
0,2.611365688,0.294117647,96,0.738095238,1,0,-1
0,0.303413076,0.045454545,112,0.037037037,0.5,0,-1
0,0.303413076,0.05,80,0.037037037,0.5,0,-1
0,0.378923182,0.043478261,128,0.071428571,0.5,0,-1
0,0.303413076,0.05,80,0.037037037,0.5,0,-1
0,0.303413076,0.05,80,0.037037037,0.5,0,-1
0,0.303413076,0.045454545,112,0.037037037,0.5,0,-1
0,0.378923182,0.034482759,224,0.071428571,0.5,0,-1
0,3.777768931,0.529411765,160,0.837037037,1,0,-1
1,0.378923182,0.023809524,432,0.071428571,0.5,1,-1
1,0.378923182,0.043478261,128,0.071428571,0.5,1,-1
4,2.611365688,0.294117647,96,0.738095238,1,4,-1
7,2.611365688,0.294117647,96,0.738095238,1,7,-1
7,2.611365688,0.294117647,96,0.738095238,1,7,-1
0,0.378923182,0.043478261,128,0.071428571,0.5,0,-1
0,2.790553133,0.2,224,0.833333333,1,0,-1
1,0.378923182,0.043478261,128,0.071428571,0.5,1,-1
1,0.378923182,0.043478261,128,0.071428571,0.5,1,-1
0,0.303413076,0.05,80,0.037037037,0.5,0,-1
0,0.303413076,0.045454545,112,0.037037037,0.5,0,-1
0,0.378923182,0.043478261,128,0.071428571,0.5,0,-1
0,3.777768931,0.529411765,160,0.837037037,1,0,-1
0,3.777768931,0.529411765,160,0.837037037,1,0,-1
0,3.777768931,0.529411765,160,0.837037037,1,0,-1
0,3.777768931,0.529411765,160,0.837037037,1,0,-1
0,0.36067376,0.066666667,60,0.0625,0.5,0,-1
2,0.36067376,0.066666667,60,0.0625,0.5,2,-1
0,0.36067376,0.03125,162,0.0625,0.5,0,-1
0,0.36067376,0.066666667,60,0.0625,0.5,0,-1
0,0.36067376,0.066666667,60,0.0625,0.5,0,-1
0,2.413928822,0.714285714,36,0.633928571,1,0,-1
0,0.378923182,0.076923077,48,0.071428571,0.5,0,-1
0,0.378923182,0.052631579,84,0.071428571,0.5,0,-1
0,0.36067376,0.066666667,60,0.0625,0.5,0,-1
1,0.378923182,0.03125,162,0.071428571,0.5,1,-1
1,0.378923182,0.076923077,48,0.071428571,0.5,1,-1
4,2.413928822,0.714285714,36,0.633928571,1,4,-1
7,2.413928822,0.714285714,36,0.633928571,1,7,-1
7,2.413928822,0.714285714,36,0.633928571,1,7,-1
0,0.378923182,0.076923077,48,0.071428571,0.5,0,-1
0,2.593116266,0.333333333,84,0.729166667,1,0,-1
1,0.378923182,0.076923077,48,0.071428571,0.5,1,-1
1,0.378923182,0.076923077,48,0.071428571,0.5,1,-1
0,0.378923182,0.076923077,48,0.071428571,0.5,0,-1
0,0.36067376,0.066666667,60,0.0625,0.5,0,-1
0,0.36067376,0.066666667,60,0.0625,0.5,0,-1
0,0.36067376,0.066666667,60,0.0625,0.5,0,-1
0,0.36067376,0.066666667,60,0.0625,0.5,0,-1
0,3.302422473,0.777777778,64,0.840909091,1,0,-1
9,3.302422473,0.777777778,64,0.840909091,1,9,-1
9,3.302422473,0.777777778,64,0.840909091,1,9,-1
6,3.302422473,0.777777778,64,0.840909091,1,6,-1
6,3.302422473,0.777777778,64,0.840909091,1,6,-1
9,3.302422473,0.777777778,64,0.840909091,1,9,-1
6,3.366288429,0.583333333,88,0.875,1,6,-1
2,0.417032391,0.1,24,0.090909091,0.5,2,-1
0,0.417032391,0.1,24,0.090909091,0.5,0,-1
0,0.417032391,0.1,24,0.090909091,0.5,0,-1
0,3.302422473,0.777777778,64,0.840909091,1,0,-1
7,3.319684564,0.777777778,64,0.85,1,7,-1
7,3.319684564,0.777777778,64,0.85,1,7,-1
7,3.319684564,0.777777778,64,0.85,1,7,-1
7,3.366288429,0.636363636,80,0.875,1,7,-1
7,3.319684564,0.777777778,64,0.85,1,7,-1
2,0.434294482,0.111111111,16,0.1,0.5,2,-1
7,3.319684564,0.777777778,64,0.85,1,7,-1
7,3.319684564,0.777777778,64,0.85,1,7,-1
0,3.319684564,0.777777778,64,0.85,1,0,-1
0,0.434294482,0.111111111,16,0.1,0.5,0,-1
7,3.319684564,0.777777778,64,0.85,1,7,-1
7,3.319684564,0.777777778,64,0.85,1,7,-1
7,3.366288429,0.636363636,80,0.875,1,7,-1
7,3.319684564,0.777777778,64,0.85,1,7,-1
2,0.434294482,0.111111111,16,0.1,0.5,2,-1
7,3.319684564,0.777777778,64,0.85,1,7,-1
7,3.319684564,0.777777778,64,0.85,1,7,-1
0,3.319684564,0.777777778,64,0.85,1,0,-1
0,0.434294482,0.111111111,16,0.1,0.5,0,-1
2,2.790553133,0.714285714,36,0.833333333,1,2,-1
0,2.790553133,0.714285714,36,0.833333333,1,0,-1
0,2.790553133,0.714285714,36,0.833333333,1,0,-1
0,2.790553133,0.714285714,36,0.833333333,1,0,-1
0,2.790553133,0.714285714,36,0.833333333,1,0,-1
2,2.790553133,0.714285714,36,0.833333333,1,2,-1
1,0,0,1,0,1,1,-1
3,1.832566286,0.6,16,0.576923077,1,3,-1
0,1.832566286,0.6,16,0.576923077,1,0,-1
2,0.389871245,0.1,28,0.076923077,0.5,2,-1
2,0.389871245,0.1,28,0.076923077,0.5,2,-1
2,0.389871245,0.1,28,0.076923077,0.5,2,-1
3,1.832566286,0.6,16,0.576923077,1,3,-1
0,0.389871245,0.090909091,32,0.076923077,0.5,0,-1
3,2.164042561,0.214285714,52,0.75,1,3,-1
2,0.389871245,0.1,28,0.076923077,0.5,2,-1
2,0.389871245,0.1,28,0.076923077,0.5,2,-1
0,0.389871245,0.2,8,0.076923077,0.5,0,-1
2,0.389871245,0.1,28,0.076923077,0.5,2,-1
0,0.389871245,0.1,28,0.076923077,0.5,0,-1
0,2.164042561,0.428571429,24,0.75,1,0,-1
0,0.558110627,0.2,8,0.166666667,0.5,0,-1
0,2.000805667,0.6,16,0.666666667,1,0,-1
0,2.000805667,0.6,16,0.666666667,1,0,-1
0,0.558110627,0.2,8,0.166666667,0.5,0,-1
0,2.000805667,0.6,16,0.666666667,1,0,-1
0,2.164042561,0.6,16,0.75,1,0,-1
0,2.164042561,0.6,16,0.75,1,0,-1
1,2.164042561,0.6,16,0.75,1,1,-1
0,2.164042561,0.6,16,0.75,1,0,-1
0,0.804859209,0.181818182,42,0.166666667,0.5,0,-1
0,2.971921316,0.461538462,84,0.797619048,1,0,-1
0,0.804859209,0.181818182,42,0.166666667,0.5,0,-1
0,2.971921316,0.461538462,84,0.797619048,1,0,-1
6,2.860452578,0.75,49,0.738095238,1,6,-1
6,2.860452578,0.75,49,0.738095238,1,6,-1
4,2.860452578,0.75,49,0.738095238,1,4,-1
0,2.860452578,0.75,49,0.738095238,1,0,-1
4,2.860452578,0.75,49,0.738095238,1,4,-1
0,0.804859209,0.181818182,42,0.166666667,0.5,0,-1
0,0.804859209,0.181818182,42,0.166666667,0.5,0,-1
0,0.804859209,0.181818182,42,0.166666667,0.5,0,-1
0,2.485339738,0.307692308,60,0.8,1,0,-1
0,2.266434408,0.666666667,25,0.683333333,1,0,-1
0,2.266434408,0.666666667,25,0.683333333,1,0,-1
0,2.266434408,0.666666667,25,0.683333333,1,0,-1
0,0.402429604,0.090909091,35,0.083333333,0.5,0,-1
1,0.402429604,0.090909091,35,0.083333333,0.5,1,-1
0,0.402429604,0.090909091,35,0.083333333,0.5,0,-1
0,0.402429604,0.090909091,35,0.083333333,0.5,0,-1
0,0.402429604,0.090909091,35,0.083333333,0.5,0,-1
0,0.402429604,0.090909091,35,0.083333333,0.5,0,-1
0,0.402429604,0.090909091,35,0.083333333,0.5,0,-1
2,2.266434408,0.666666667,25,0.683333333,1,2,-1
0,0.695213803,0.046875,570,0.040123457,0.5,0,-1
0,0.695213803,0.06,430,0.040123457,0.5,0,-1
0,0.695213803,0.042253521,640,0.040123457,0.5,0,-1
6,3.300980694,0.818181818,100,0.640123457,1,6,-1
0,0.695213803,0.042253521,640,0.040123457,0.5,0,-1
0,0.695213803,0.043478261,620,0.040123457,0.5,0,-1
0,3.507715369,0.109756098,810,0.727777778,1,0,-1
0,0.227559807,0.0625,70,0.012345679,0.5,0,-1
0,3.501448178,0.123287671,720,0.726234568,1,0,-1
0,0.227559807,0.076923077,40,0.012345679,0.5,0,-1
6,3.300980694,0.818181818,100,0.640123457,1,6,-1
0,0.695213803,0.039473684,690,0.040123457,0.5,0,-1
0,0.695213803,0.043478261,620,0.040123457,0.5,0,-1
0,0.695213803,0.043478261,620,0.040123457,0.5,0,-1
0,0.695213803,0.039473684,690,0.040123457,0.5,0,-1
0,0.695213803,0.130434783,160,0.040123457,0.5,0,-1
0,0.695213803,0.05,530,0.040123457,0.5,0,-1
0,0.695213803,0.043478261,620,0.040123457,0.5,0,-1
0,0.695213803,0.043478261,620,0.040123457,0.5,0,-1
0,0.695213803,0.043478261,620,0.040123457,0.5,0,-1
0,0.695213803,0.043478261,620,0.040123457,0.5,0,-1
0,0.695213803,0.043478261,620,0.040123457,0.5,0,-1
0,0.695213803,0.052631579,500,0.040123457,0.5,0,-1
0,0.695213803,0.053571429,490,0.040123457,0.5,0,-1
0,0.695213803,0.043478261,620,0.040123457,0.5,0,-1
0,0.227559807,0.0625,70,0.012345679,0.5,0,-1
0,0.227559807,0.0625,70,0.012345679,0.5,0,-1
0,0.695213803,0.042253521,640,0.040123457,0.5,0,-1
0,0.695213803,0.042253521,640,0.040123457,0.5,0,-1
0,0.695213803,0.042253521,640,0.040123457,0.5,0,-1
0,0.695213803,0.042253521,640,0.040123457,0.5,0,-1
0,0.227559807,0.0625,70,0.012345679,0.5,0,-1
0,0.695213803,0.042253521,640,0.040123457,0.5,0,-1
0,0.695213803,0.045454545,590,0.040123457,0.5,0,-1
0,0.695213803,0.043478261,620,0.040123457,0.5,0,-1
0,0.695213803,0.043478261,620,0.040123457,0.5,0,-1
0,0.695213803,0.043478261,620,0.040123457,0.5,0,-1
0,0.695213803,0.043478261,620,0.040123457,0.5,0,-1
0,0.695213803,0.043478261,620,0.040123457,0.5,0,-1
0,0.695213803,0.043478261,620,0.040123457,0.5,0,-1
0,0.695213803,0.043478261,620,0.040123457,0.5,0,-1
0,0.695213803,0.06,430,0.040123457,0.5,0,-1
0,0.695213803,0.045454545,590,0.040123457,0.5,0,-1
0,0.695213803,0.053571429,490,0.040123457,0.5,0,-1
0,0.695213803,0.043478261,620,0.040123457,0.5,0,-1
0,0.695213803,0.053571429,490,0.040123457,0.5,0,-1
0,0.695213803,0.045454545,590,0.040123457,0.5,0,-1
0,0.695213803,0.043478261,620,0.040123457,0.5,0,-1
0,0.227559807,0.0625,70,0.012345679,0.5,0,-1
0,0.695213803,0.130434783,160,0.040123457,0.5,0,-1
0,0.695213803,0.042253521,640,0.040123457,0.5,0,-1
0,3.501448178,0.123287671,720,0.726234568,1,0,-1
0,0.695213803,0.042253521,640,0.040123457,0.5,0,-1
0,0.695213803,0.042253521,640,0.040123457,0.5,0,-1
0,0.695213803,0.043478261,620,0.040123457,0.5,0,-1
0,0.695213803,0.06,430,0.040123457,0.5,0,-1
0,0.695213803,0.043478261,620,0.040123457,0.5,0,-1
0,0.695213803,0.048387097,550,0.040123457,0.5,0,-1
0,0.695213803,0.043478261,620,0.040123457,0.5,0,-1
0,0.695213803,0.051724138,510,0.040123457,0.5,0,-1
0,0.695213803,0.06,430,0.040123457,0.5,0,-1
0,0.695213803,0.047619048,560,0.040123457,0.5,0,-1
0,0.695213803,0.06,430,0.040123457,0.5,0,-1
0,0.695213803,0.047619048,560,0.040123457,0.5,0,-1
0,0.227559807,0.076923077,40,0.012345679,0.5,0,-1
0,0.695213803,0.047619048,560,0.040123457,0.5,0,-1
0,0.227559807,0.076923077,40,0.012345679,0.5,0,-1
0,0.227559807,0.076923077,40,0.012345679,0.5,0,-1
0,0.695213803,0.044776119,600,0.040123457,0.5,0,-1
0,0.695213803,0.047619048,560,0.040123457,0.5,0,-1
0,0.695213803,0.051724138,510,0.040123457,0.5,0,-1
0,0.695213803,0.051724138,510,0.040123457,0.5,0,-1
0,0.695213803,0.051724138,510,0.040123457,0.5,0,-1
6,3.300980694,0.818181818,100,0.640123457,1,6,-1
6,3.300980694,0.818181818,100,0.640123457,1,6,-1
6,3.300980694,0.818181818,100,0.640123457,1,6,-1
0,3.300980694,0.818181818,100,0.640123457,1,0,-1
0,0.695213803,0.047619048,560,0.040123457,0.5,0,-1
0,0.695213803,0.051724138,510,0.040123457,0.5,0,-1
0,0.695213803,0.051724138,510,0.040123457,0.5,0,-1
6,3.300980694,0.818181818,100,0.640123457,1,6,-1
0,3.704148209,0.818181818,100,0.799537037,1,0,-1
0,0.303413076,0.076923077,40,0.037037037,0.5,0,-1
0,0.303413076,0.071428571,50,0.037037037,0.5,0,-1
0,0.303413076,0.076923077,40,0.037037037,0.5,0,-1
0,3.835029615,0.321428571,270,0.8625,1,0,-1
0,0.303413076,0.047619048,120,0.037037037,0.5,0,-1
0,0.303413076,0.047619048,120,0.037037037,0.5,0,-1
0,0.303413076,0.055555556,90,0.037037037,0.5,0,-1
1,3.704148209,0.818181818,100,0.799537037,1,1,-1
0,0.303413076,0.071428571,50,0.037037037,0.5,0,-1
0,0.303413076,0.0625,70,0.037037037,0.5,0,-1
0,0.303413076,0.0625,70,0.037037037,0.5,0,-1
0,3.704148209,0.818181818,100,0.799537037,1,0,-1
0,0.303413076,0.071428571,50,0.037037037,0.5,0,-1
0,0.36067376,0.066666667,60,0.0625,0.5,0,-1
0,0.303413076,0.0625,70,0.037037037,0.5,0,-1
0,0.303413076,0.071428571,50,0.037037037,0.5,0,-1
0,0.303413076,0.071428571,50,0.037037037,0.5,0,-1
0,0.303413076,0.071428571,50,0.037037037,0.5,0,-1
0,0.303413076,0.0625,70,0.037037037,0.5,0,-1
0,3.704148209,0.818181818,100,0.799537037,1,0,-1
0,0.36067376,0.066666667,60,0.0625,0.5,0,-1
0,0.36067376,0.066666667,60,0.0625,0.5,0,-1
0,0.36067376,0.066666667,60,0.0625,0.5,0,-1
0,0.36067376,0.043478261,140,0.0625,0.5,0,-1
0,0.303413076,0.071428571,50,0.037037037,0.5,0,-1
0,0.303413076,0.0625,70,0.037037037,0.5,0,-1
0,3.704148209,0.818181818,100,0.799537037,1,0,-1
0,3.704148209,0.818181818,100,0.799537037,1,0,-1
0,3.704148209,0.818181818,100,0.799537037,1,0,-1
0,3.704148209,0.818181818,100,0.799537037,1,0,-1
3,1.424137569,0.25,21,0.476190476,1,3,-1
5,2.377903146,0.5,35,0.742857143,1,5,-1
0,0.303413076,0.076923077,40,0.037037037,0.5,0,-1
0,0.303413076,0.071428571,50,0.037037037,0.5,0,-1
0,0.303413076,0.076923077,40,0.037037037,0.5,0,-1
0,3.835029615,0.321428571,270,0.8625,1,0,-1
0,0.303413076,0.047619048,120,0.037037037,0.5,0,-1
0,0.303413076,0.047619048,120,0.037037037,0.5,0,-1
0,0.303413076,0.055555556,90,0.037037037,0.5,0,-1
0,3.704148209,0.818181818,100,0.799537037,1,0,-1
0,0.303413076,0.071428571,50,0.037037037,0.5,0,-1
0,0.303413076,0.0625,70,0.037037037,0.5,0,-1
0,0.303413076,0.0625,70,0.037037037,0.5,0,-1
0,3.704148209,0.818181818,100,0.799537037,1,0,-1
0,0.303413076,0.071428571,50,0.037037037,0.5,0,-1
0,0.36067376,0.066666667,60,0.0625,0.5,0,-1
0,0.303413076,0.0625,70,0.037037037,0.5,0,-1
0,0.303413076,0.071428571,50,0.037037037,0.5,0,-1
0,0.303413076,0.071428571,50,0.037037037,0.5,0,-1
0,0.303413076,0.071428571,50,0.037037037,0.5,0,-1
0,0.303413076,0.0625,70,0.037037037,0.5,0,-1
0,3.704148209,0.818181818,100,0.799537037,1,0,-1
2,0.36067376,0.066666667,60,0.0625,0.5,2,-1
2,0.36067376,0.066666667,60,0.0625,0.5,2,-1
2,0.36067376,0.066666667,60,0.0625,0.5,2,-1
0,0.36067376,0.043478261,140,0.0625,0.5,0,-1
0,0.303413076,0.071428571,50,0.037037037,0.5,0,-1
0,0.303413076,0.0625,70,0.037037037,0.5,0,-1
0,3.704148209,0.818181818,100,0.799537037,1,0,-1
0,3.704148209,0.818181818,100,0.799537037,1,0,-1
0,3.704148209,0.818181818,100,0.799537037,1,0,-1
0,3.704148209,0.818181818,100,0.799537037,1,0,-1
0,1.36535884,0.5,9,0.444444444,1,0,-1
0,1.820478453,0.2,27,0.666666667,1,0,-1
0,0.455119613,0.125,18,0.111111111,0.5,0,-1
0,0.455119613,0.125,18,0.111111111,0.5,0,-1
0,0.455119613,0.0625,42,0.111111111,0.5,0,-1
1,0.455119613,0.125,18,0.111111111,0.5,1,-1
0,0.455119613,0.083333333,30,0.111111111,0.5,0,-1
0,0.455119613,0.125,18,0.111111111,0.5,0,-1
0,1.36535884,0.5,9,0.444444444,1,0,-1
0,1.677042323,0.222222222,85,0.372222222,1,0,-1
0,2.029998447,0.555555556,45,0.431045752,0.5,0,-1
0,0.352956124,0.076923077,45,0.058823529,0.5,0,-1
0,0.345976256,0.071428571,50,0.055555556,0.5,0,-1
0,1.684022191,0.210526316,90,0.375490196,1,0,-1
0,0.345976256,0.043478261,95,0.055555556,0.5,0,-1
0,1.5491001,0.444444444,40,0.306045752,1,0,-1
0,0.352956124,0.166666667,10,0.058823529,0.5,0,-1
0,0.345976256,0.071428571,50,0.055555556,0.5,0,-1
0,0.345976256,0.071428571,50,0.055555556,0.5,0,-1
0,0.345976256,0.052631579,75,0.055555556,0.5,0,-1
0,0.345976256,0.052631579,75,0.055555556,0.5,0,-1
0,0.345976256,0.052631579,75,0.055555556,0.5,0,-1
0,0.345976256,0.071428571,50,0.055555556,0.5,0,-1
0,0.345976256,0.052631579,75,0.055555556,0.5,0,-1
0,0.345976256,0.052631579,75,0.055555556,0.5,0,-1
0,0.722225497,0.222222222,30,0.125490196,0.5,0,-1
0,2.029998447,0.5,50,0.431045752,0.5,0,-1
0,1.5491001,0.444444444,40,0.306045752,1,0,-1
0,0.722225497,0.222222222,30,0.125490196,0.5,0,-1
0,1.660729074,0.25,75,0.364379085,1,0,-1
0,2.029998447,0.5,50,0.431045752,0.5,0,-1
0,0.722225497,0.222222222,30,0.125490196,0.5,0,-1
0,0.722225497,0.111111111,75,0.125490196,0.5,0,-1
0,0.352956124,0.125,20,0.058823529,0.5,0,-1
0,0.352956124,0.166666667,10,0.058823529,0.5,0,-1
0,0.352956124,0.125,20,0.058823529,0.5,0,-1
0,0.369269373,0.125,20,0.066666667,0.5,0,-1
0,0.369269373,0.125,20,0.066666667,0.5,0,-1
0,0.369269373,0.125,20,0.066666667,0.5,0,-1
5,2.790553133,0.5,54,0.833333333,1,5,-1
5,2.68756212,0.714285714,36,0.777777778,1,5,-1
0,2.68756212,0.714285714,36,0.777777778,1,0,-1
6,2.68756212,0.714285714,36,0.777777778,1,6,-1
2,0.455119613,0.125,18,0.111111111,0.5,2,-1
2,0.455119613,0.125,18,0.111111111,0.5,2,-1
5,2.68756212,0.714285714,36,0.777777778,1,5,-1
0,0.455119613,0.125,18,0.111111111,0.5,0,-1
5,2.68756212,0.714285714,36,0.777777778,1,5,-1
7,3.083390054,0.75,49,0.857142857,1,7,-1
10,3.083390054,0.75,49,0.857142857,1,10,-1
7,3.083390054,0.75,49,0.857142857,1,7,-1
7,3.083390054,0.75,49,0.857142857,1,7,-1
7,3.083390054,0.75,49,0.857142857,1,7,-1
7,3.083390054,0.75,49,0.857142857,1,7,-1
10,3.083390054,0.75,49,0.857142857,1,10,-1
7,3.083390054,0.75,49,0.857142857,1,7,-1
7,3.083390054,0.75,49,0.857142857,1,7,-1
7,3.083390054,0.75,49,0.857142857,1,7,-1
5,2.485339738,0.666666667,25,0.8,1,5,-1
5,2.485339738,0.666666667,25,0.8,1,5,-1
0,2.164042561,0.375,28,0.75,1,0,-1
2,2.164042561,0.375,28,0.75,1,2,-1
3,2.164042561,0.375,28,0.75,1,3,-1
3,1.820478453,0.2,35,0.666666667,1,3,-1
2,0.621334935,0.125,14,0.2,0.5,2,-1
3,1.531574161,0.25,21,0.533333333,1,3,-1
4,1.531574161,0.25,21,0.533333333,1,4,-1
2,0.621334935,0.125,14,0.2,0.5,2,-1
5,1.820478453,0.5,9,0.666666667,1,5,-1
5,1.820478453,0.5,9,0.666666667,1,5,-1
3,1.820478453,0.5,9,0.666666667,1,3,-1
0,1.4271902,0.230769231,48,0.37037037,1,0,-1
3,1.4271902,0.230769231,48,0.37037037,1,3,-1
0,0.303413076,0.083333333,36,0.037037037,0.5,0,-1
0,0.303413076,0.076923077,40,0.037037037,0.5,0,-1
0,0.303413076,0.125,20,0.037037037,0.5,0,-1
3,1.108272284,0.375,28,0.203703704,0.5,3,-1
3,1.108272284,0.375,28,0.203703704,0.5,3,-1
2,0.303413076,0.076923077,40,0.037037037,0.5,2,-1
0,1.108272284,0.5,20,0.203703704,0.5,0,-1
3,1.108272284,0.375,28,0.203703704,0.5,3,-1
0,1.108272284,0.5,20,0.203703704,0.5,0,-1
0,0.303413076,0.125,20,0.037037037,0.5,0,-1
2,0.303413076,0.125,20,0.037037037,0.5,2,-1
3,1.108272284,0.375,28,0.203703704,0.5,3,-1
2,0.303413076,0.076923077,40,0.037037037,0.5,2,-1
0,1.108272284,0.5,20,0.203703704,0.5,0,-1
3,1.108272284,0.375,28,0.203703704,0.5,3,-1
2,0.303413076,0.076923077,40,0.037037037,0.5,2,-1
2,0.303413076,0.076923077,40,0.037037037,0.5,2,-1
2,0.303413076,0.076923077,40,0.037037037,0.5,2,-1
2,0.303413076,0.076923077,40,0.037037037,0.5,2,-1
2,0.369269373,0.071428571,56,0.066666667,0.5,2,-1
5,3.254659455,0.777777778,64,0.816666667,1,5,-1
8,3.254659455,0.777777778,64,0.816666667,1,8,-1
0,3.366288429,0.4375,120,0.875,1,0,-1
1,0.369269373,0.071428571,56,0.066666667,0.5,1,-1
0,0.369269373,0.071428571,56,0.066666667,0.5,0,-1
5,3.254659455,0.777777778,64,0.816666667,1,5,-1
0,0.369269373,0.071428571,56,0.066666667,0.5,0,-1
0,3.254659455,0.777777778,64,0.816666667,1,0,-1
0,3.254659455,0.777777778,64,0.816666667,1,0,-1
8,3.254659455,0.777777778,64,0.816666667,1,8,-1
8,3.254659455,0.777777778,64,0.816666667,1,8,-1
0,0.369269373,0.071428571,56,0.066666667,0.5,0,-1
0,0.369269373,0.071428571,56,0.066666667,0.5,0,-1
0,0.369269373,0.071428571,56,0.066666667,0.5,0,-1
1,0.240449173,0.015625,456,0.015625,0.5,1,-1
1,0.240449173,0.014084507,512,0.015625,0.5,1,-1
10,3.125839255,0.636363636,80,0.765625,1,10,-1
4,0.434294482,0.111111111,16,0.1,0.5,4,-1
1,0.240449173,0.014084507,512,0.015625,0.5,1,-1
1,0.240449173,0.014492754,496,0.015625,0.5,1,-1
1,0.240449173,0.011363636,648,0.015625,0.5,1,-1
2,0.434294482,0.111111111,16,0.1,0.5,2,-1
0,0.240449173,0.012658228,576,0.015625,0.5,0,-1
1,0.240449173,0.013157895,552,0.015625,0.5,1,-1
0,0.240449173,0.014492754,496,0.015625,0.5,0,-1
1,0.240449173,0.014492754,496,0.015625,0.5,1,-1
1,0.240449173,0.013157895,552,0.015625,0.5,1,-1
1,0.240449173,0.016666667,424,0.015625,0.5,1,-1
1,0.240449173,0.014492754,496,0.015625,0.5,1,-1
1,0.240449173,0.014492754,496,0.015625,0.5,1,-1
1,0.240449173,0.014492754,496,0.015625,0.5,1,-1
1,0.240449173,0.014492754,496,0.015625,0.5,1,-1
1,0.240449173,0.014492754,496,0.015625,0.5,1,-1
1,0.240449173,0.017857143,392,0.015625,0.5,1,-1
2,0.240449173,0.014492754,496,0.015625,0.5,2,-1
0,0.240449173,0.014084507,512,0.015625,0.5,0,-1
0,3.319684564,0.107692308,512,0.85,1,0,-1
1,0.240449173,0.014084507,512,0.015625,0.5,1,-1
0,0.240449173,0.014084507,512,0.015625,0.5,0,-1
1,0.240449173,0.014084507,512,0.015625,0.5,1,-1
0,0.240449173,0.015151515,472,0.015625,0.5,0,-1
1,0.240449173,0.014492754,496,0.015625,0.5,1,-1
2,0.240449173,0.014492754,496,0.015625,0.5,2,-1
2,0.240449173,0.014492754,496,0.015625,0.5,2,-1
1,0.240449173,0.014492754,496,0.015625,0.5,1,-1
1,0.240449173,0.014492754,496,0.015625,0.5,1,-1
2,0.240449173,0.014492754,496,0.015625,0.5,2,-1
1,0.240449173,0.014492754,496,0.015625,0.5,1,-1
1,0.240449173,0.015151515,472,0.015625,0.5,1,-1
1,0.240449173,0.017857143,392,0.015625,0.5,1,-1
1,0.240449173,0.014492754,496,0.015625,0.5,1,-1
2,0.240449173,0.017857143,392,0.015625,0.5,2,-1
1,0.240449173,0.015151515,472,0.015625,0.5,1,-1
2,0.240449173,0.014492754,496,0.015625,0.5,2,-1
1,0.240449173,0.014084507,512,0.015625,0.5,1,-1
1,0.240449173,0.012658228,576,0.015625,0.5,1,-1
1,0.240449173,0.014084507,512,0.015625,0.5,1,-1
0,0.240449173,0.014084507,512,0.015625,0.5,0,-1
1,0.240449173,0.014492754,496,0.015625,0.5,1,-1
1,0.240449173,0.014492754,496,0.015625,0.5,1,-1
1,0.240449173,0.016129032,440,0.015625,0.5,1,-1
1,0.240449173,0.014492754,496,0.015625,0.5,1,-1
0,0.240449173,0.017241379,408,0.015625,0.5,0,-1
6,3.07923539,0.777777778,64,0.740625,1,6,-1
1,0.240449173,0.015873016,448,0.015625,0.5,1,-1
1,0.240449173,0.015873016,448,0.015625,0.5,1,-1
10,3.07923539,0.777777778,64,0.740625,1,10,-1
10,3.07923539,0.777777778,64,0.740625,1,10,-1
1,0.240449173,0.015873016,448,0.015625,0.5,1,-1
6,3.07923539,0.777777778,64,0.740625,1,6,-1
0,3.07923539,0.777777778,64,0.740625,1,0,-1
10,3.07923539,0.777777778,64,0.740625,1,10,-1
0,0.240449173,0.014925373,480,0.015625,0.5,0,-1
1,0.240449173,0.015873016,448,0.015625,0.5,1,-1
2,0.240449173,0.017241379,408,0.015625,0.5,2,-1
1,0.240449173,0.017241379,408,0.015625,0.5,1,-1
1,0.240449173,0.017241379,408,0.015625,0.5,1,-1
1,0.240449173,0.015873016,448,0.015625,0.5,1,-1
1,0.240449173,0.017241379,408,0.015625,0.5,1,-1
0,0.240449173,0.017241379,408,0.015625,0.5,0,-1
0,0.256949171,0.083333333,40,0.020408163,0.5,0,-1
0,3.366288429,0.14,392,0.875,1,0,-1
0,0.256949171,0.1,24,0.020408163,0.5,0,-1
1,0.256949171,0.083333333,40,0.020408163,0.5,1,-1
0,3.142339253,0.777777778,64,0.770408163,1,0,-1
0,0.256949171,0.083333333,40,0.020408163,0.5,0,-1
0,3.142339253,0.777777778,64,0.770408163,1,0,-1
0,0.256949171,0.032258065,192,0.020408163,0.5,0,-1
0,0.256949171,0.05,104,0.020408163,0.5,0,-1
0,0.256949171,0.1,24,0.020408163,0.5,0,-1
0,0.256949171,0.066666667,64,0.020408163,0.5,0,-1
0,0.256949171,0.041666667,136,0.020408163,0.5,0,-1
0,0.256949171,0.071428571,56,0.020408163,0.5,0,-1
3,3.142339253,0.777777778,64,0.770408163,1,3,-1
0,0.256949171,0.066666667,64,0.020408163,0.5,0,-1
0,0.256949171,0.071428571,56,0.020408163,0.5,0,-1
1,0.256949171,0.083333333,40,0.020408163,0.5,1,-1
1,0.256949171,0.083333333,40,0.020408163,0.5,1,-1
0,0.256949171,0.066666667,64,0.020408163,0.5,0,-1
0,0.256949171,0.066666667,64,0.020408163,0.5,0,-1
0,0.256949171,0.066666667,64,0.020408163,0.5,0,-1
0,0.256949171,0.066666667,64,0.020408163,0.5,0,-1
0,0.256949171,0.066666667,64,0.020408163,0.5,0,-1
0,0.256949171,0.066666667,64,0.020408163,0.5,0,-1
5,3.142339253,0.777777778,64,0.770408163,1,5,-1
0,3.142339253,0.777777778,64,0.770408163,1,0,-1
0,3.142339253,0.777777778,64,0.770408163,1,0,-1
5,3.142339253,0.777777778,64,0.770408163,1,5,-1
0,0.256949171,0.083333333,40,0.020408163,0.5,0,-1
0,0.256949171,0.1,24,0.020408163,0.5,0,-1
0,0.256949171,0.083333333,40,0.020408163,0.5,0,-1
0,0.256949171,0.071428571,56,0.020408163,0.5,0,-1
0,0.256949171,0.083333333,40,0.020408163,0.5,0,-1
0,0.256949171,0.083333333,40,0.020408163,0.5,0,-1
0,0.256949171,0.033333333,184,0.020408163,0.5,0,-1
0,0.256949171,0.071428571,56,0.020408163,0.5,0,-1
0,0.256949171,0.071428571,56,0.020408163,0.5,0,-1
0,0.256949171,0.071428571,56,0.020408163,0.5,0,-1
0,0.256949171,0.05,104,0.020408163,0.5,0,-1
0,0.256949171,0.05,104,0.020408163,0.5,0,-1
0,0.256949171,0.05,104,0.020408163,0.5,0,-1
0,0.256949171,0.05,104,0.020408163,0.5,0,-1
0,0.256949171,0.05,104,0.020408163,0.5,0,-1
1,0.256949171,0.05,104,0.020408163,0.5,1,-1
0,0.256949171,0.05,104,0.020408163,0.5,0,-1
0,0.256949171,0.05,104,0.020408163,0.5,0,-1
0,0.256949171,0.05,104,0.020408163,0.5,0,-1
0,0.256949171,0.05,104,0.020408163,0.5,0,-1
0,0.256949171,0.05,104,0.020408163,0.5,0,-1
7,2.377903146,0.666666667,25,0.742857143,1,7,-1
0,2.377903146,0.666666667,25,0.742857143,1,0,-1
7,2.485339738,0.5,35,0.8,1,7,-1
4,0.513898342,0.166666667,10,0.142857143,0.5,4,-1
4,2.377903146,0.666666667,25,0.742857143,1,4,-1
7,2.377903146,0.666666667,25,0.742857143,1,7,-1
2,0.513898342,0.166666667,10,0.142857143,0.5,2,-1
8,3.640956907,0.8,81,0.888888889,1,8,-1
8,3.640956907,0.8,81,0.888888889,1,8,-1
8,3.640956907,0.8,81,0.888888889,1,8,-1
0,3.640956907,0.8,81,0.888888889,1,0,-1
8,3.640956907,0.8,81,0.888888889,1,8,-1
8,3.640956907,0.8,81,0.888888889,1,8,-1
8,3.640956907,0.8,81,0.888888889,1,8,-1
8,3.640956907,0.8,81,0.888888889,1,8,-1
8,3.640956907,0.8,81,0.888888889,1,8,-1
10,3.843625228,0.818181818,100,0.866666667,1,10,-1
9,3.843625228,0.818181818,100,0.866666667,1,9,-1
2,0.369269373,0.071428571,50,0.066666667,0.5,2,-1
2,0.369269373,0.071428571,50,0.066666667,0.5,2,-1
9,3.908650337,0.5625,150,0.9,1,9,-1
9,3.843625228,0.818181818,100,0.866666667,1,9,-1
9,3.843625228,0.818181818,100,0.866666667,1,9,-1
2,0.369269373,0.071428571,50,0.066666667,0.5,2,-1
9,3.843625228,0.818181818,100,0.866666667,1,9,-1
9,3.843625228,0.818181818,100,0.866666667,1,9,-1
9,3.843625228,0.818181818,100,0.866666667,1,9,-1
9,3.843625228,0.818181818,100,0.866666667,1,9,-1
0,3.843625228,0.818181818,100,0.866666667,1,0,-1
2,0.369269373,0.071428571,50,0.066666667,0.5,2,-1
2,0.369269373,0.071428571,50,0.066666667,0.5,2,-1
5,3.352052614,0.5,35,1.2,1,5,-1
3,1.531574161,0.25,21,0.533333333,1,3,-1
3,1.242669869,0.25,21,0.4,1,3,-1
0,1.531574161,0.25,21,0.533333333,1,0,-1
3,1.531574161,0.25,21,0.533333333,1,3,-1
0,1.832566286,0.6,16,0.576923077,1,0,-1
2,0.389871245,0.1,28,0.076923077,0.5,2,-1
2,0.389871245,0.1,28,0.076923077,0.5,2,-1
2,0.389871245,0.1,28,0.076923077,0.5,2,-1
3,1.832566286,0.6,16,0.576923077,1,3,-1
0,0.389871245,0.090909091,32,0.076923077,0.5,0,-1
3,2.164042561,0.214285714,52,0.75,1,3,-1
2,0.389871245,0.1,28,0.076923077,0.5,2,-1
2,0.389871245,0.1,28,0.076923077,0.5,2,-1
0,0.389871245,0.2,8,0.076923077,0.5,0,-1
2,0.389871245,0.1,28,0.076923077,0.5,2,-1
0,0.389871245,0.1,28,0.076923077,0.5,0,-1
0,0.389871245,0.1,28,0.076923077,0.5,0,-1
0,0.389871245,0.1,28,0.076923077,0.5,0,-1
0,0.389871245,0.1,28,0.076923077,0.5,0,-1
0,1.832566286,0.6,16,0.576923077,1,0,-1
0,0.389871245,0.090909091,32,0.076923077,0.5,0,-1
0,2.164042561,0.214285714,52,0.75,1,0,-1
0,0.389871245,0.1,28,0.076923077,0.5,0,-1
0,0.389871245,0.1,28,0.076923077,0.5,0,-1
0,0.389871245,0.2,8,0.076923077,0.5,0,-1
0,0.389871245,0.1,28,0.076923077,0.5,0,-1
0,0.389871245,0.1,28,0.076923077,0.5,0,-1
5,2.713340853,0.714285714,36,0.791666667,1,5,-1
5,2.713340853,0.714285714,36,0.791666667,1,5,-1
5,2.713340853,0.714285714,36,0.791666667,1,5,-1
0,2.713340853,0.714285714,36,0.791666667,1,0,-1
5,2.790553133,0.555555556,48,0.833333333,1,5,-1
5,2.713340853,0.714285714,36,0.791666667,1,5,-1
2,0.480898347,0.142857143,12,0.125,0.5,2,-1
2,0.480898347,0.142857143,12,0.125,0.5,2,-1
0,2.485339738,0.666666667,25,0.8,1,0,-1
0,2.485339738,0.666666667,25,0.8,1,0,-1
0,2.485339738,0.666666667,25,0.8,1,0,-1
2,2.485339738,0.666666667,25,0.8,1,2,-1
0,2.485339738,0.666666667,25,0.8,1,0,-1
3,2.270466554,0.666666667,25,0.685714286,1,3,-1
0,2.270466554,0.666666667,25,0.685714286,1,0,-1
6,1.027796685,0.333333333,15,0.285714286,0.5,6,-1
5,2.377903146,0.5,35,0.742857143,1,5,-1
0,2.270466554,0.666666667,25,0.685714286,1,0,-1
6,1.027796685,0.333333333,15,0.285714286,0.5,6,-1
5,2.377903146,0.5,35,0.742857143,1,5,-1
0,2.270466554,0.666666667,25,0.685714286,1,0,-1
3,1.027796685,0.333333333,15,0.285714286,0.5,3,-1
3,2.377903146,0.5,35,0.742857143,1,3,-1
0,2.270466554,0.666666667,25,0.685714286,1,0,-1
3,1.027796685,0.333333333,15,0.285714286,0.5,3,-1
3,2.377903146,0.5,35,0.742857143,1,3,-1
2,1.820478453,0.5,9,0.666666667,1,2,-1
0,1.956593383,0.6,16,0.642857143,1,0,-1
0,1.956593383,0.6,16,0.642857143,1,0,-1
0,0.513898342,0.125,20,0.142857143,0.5,0,-1
0,0.513898342,0.166666667,12,0.142857143,0.5,0,-1
0,0.513898342,0.166666667,12,0.142857143,0.5,0,-1
10,3.083390054,0.75,49,0.857142857,1,10,-1
10,3.083390054,0.75,49,0.857142857,1,10,-1
6,3.083390054,0.75,49,0.857142857,1,6,-1
0,3.083390054,0.75,49,0.857142857,1,0,-1
10,3.083390054,0.75,49,0.857142857,1,10,-1
10,3.083390054,0.75,49,0.857142857,1,10,-1
6,3.083390054,0.75,49,0.857142857,1,6,-1
4,2.164042561,0.6,16,0.75,1,4,-1
3,2.164042561,0.6,16,0.75,1,3,-1
3,2.164042561,0.6,16,0.75,1,3,-1
0,2.164042561,0.6,16,0.75,1,0,-1
0,3.996904465,0.6,140,0.947222222,1,0,-1
4,3.941533165,0.818181818,100,0.918650794,1,4,-1
0,3.941533165,0.818181818,100,0.918650794,1,0,-1
4,3.941533165,0.818181818,100,0.918650794,1,4,-1
0,3.439809686,0.727272727,90,0.782539683,1,0,-1
0,3.941533165,0.818181818,100,0.918650794,1,0,-1
0,3.941533165,0.818181818,100,0.918650794,1,0,-1
0,2.984690073,0.636363636,80,0.671428571,1,0,-1
0,3.941533165,0.818181818,100,0.918650794,1,0,-1
0,3.439809686,0.727272727,90,0.782539683,1,0,-1
0,0.378923182,0.076923077,40,0.071428571,0.5,0,-1
0,0.378923182,0.071428571,50,0.071428571,0.5,0,-1
0,0.378923182,0.071428571,50,0.071428571,0.5,0,-1
0,0.378923182,0.076923077,40,0.071428571,0.5,0,-1
0,2.790553133,0.416666667,66,0.833333333,1,0,-1
0,0.417032391,0.1,30,0.090909091,0.5,0,-1
0,0.417032391,0.1,30,0.090909091,0.5,0,-1
0,2.649474898,0.714285714,36,0.757575758,1,0,-1
0,0.417032391,0.1,30,0.090909091,0.5,0,-1
0,0.417032391,0.1,30,0.090909091,0.5,0,-1
0,2.649474898,0.714285714,36,0.757575758,1,0,-1
0,2.649474898,0.714285714,36,0.757575758,1,0,-1
0,2.649474898,0.714285714,36,0.757575758,1,0,-1
0,2.649474898,0.714285714,36,0.757575758,1,0,-1
0,0.417032391,0.1,30,0.090909091,0.5,0,-1
2,2.485339738,0.666666667,25,0.8,1,2,-1
0,2.485339738,0.666666667,25,0.8,1,0,-1
0,2.485339738,0.666666667,25,0.8,1,0,-1
0,2.485339738,0.666666667,25,0.8,1,0,-1
0,2.485339738,0.666666667,25,0.8,1,0,-1
0,0.455119613,0.071428571,50,0.111111111,0.5,0,-1
0,0.455119613,0.027777778,270,0.111111111,0.5,0,-1
0,0.417032391,0.0625,70,0.090909091,0.5,0,-1
0,0.72134752,0.083333333,160,0.125,0.5,0,-1
4,2.164042561,0.1875,90,0.75,1,4,-1
4,0.455119613,0.071428571,50,0.111111111,0.5,4,-1
4,1.897814654,0.272727273,40,0.611111111,1,4,-1
0,2.254601165,0.454545455,60,0.549242424,1,0,-1
0,1.897814654,0.272727273,40,0.611111111,1,0,-1
0,0.455119613,0.071428571,50,0.111111111,0.5,0,-1
0,0.455119613,0.071428571,50,0.111111111,0.5,0,-1
0,0.72134752,0.105263158,110,0.125,0.5,0,-1
0,2.452038031,0.238095238,160,0.653409091,1,0,-1
0,0.72134752,0.105263158,110,0.125,0.5,0,-1
0,0.72134752,0.105263158,110,0.125,0.5,0,-1
0,0.72134752,0.105263158,110,0.125,0.5,0,-1
0,1.897814654,0.272727273,40,0.611111111,1,0,-1
0,2.3956794,0.3125,110,0.625,1,0,-1
0,0.417032391,0.071428571,50,0.090909091,0.5,0,-1
0,2.254601165,0.454545455,60,0.549242424,1,0,-1
0,2.254601165,0.454545455,60,0.549242424,1,0,-1
0,0.72134752,0.105263158,110,0.125,0.5,0,-1
0,0.72134752,0.105263158,110,0.125,0.5,0,-1
0,0.72134752,0.105263158,110,0.125,0.5,0,-1
0,0.72134752,0.105263158,110,0.125,0.5,0,-1
0,0.417032391,0.071428571,50,0.090909091,0.5,0,-1
0,0.417032391,0.071428571,50,0.090909091,0.5,0,-1
0,2.452038031,0.238095238,160,0.653409091,1,0,-1
0,0.72134752,0.105263158,110,0.125,0.5,0,-1
0,0.417032391,0.071428571,50,0.090909091,0.5,0,-1
4,0.31465798,0.076923077,48,0.041666667,0.5,4,-1
2,0.352956124,0.0625,72,0.058823529,0.5,2,-1
10,3.072105839,0.777777778,64,0.725490196,1,10,-1
7,3.072105839,0.777777778,64,0.725490196,1,7,-1
4,0.31465798,0.055555556,88,0.041666667,0.5,4,-1
4,0.352956124,0.0625,72,0.058823529,0.5,4,-1
4,0.31465798,0.076923077,48,0.041666667,0.5,4,-1
4,0.31465798,0.043478261,128,0.041666667,0.5,4,-1
2,0.31465798,0.055555556,88,0.041666667,0.5,2,-1
4,0.31465798,0.055555556,88,0.041666667,0.5,4,-1
10,3.238346206,0.28,192,0.808823529,1,10,-1
4,0.31465798,0.055555556,88,0.041666667,0.5,4,-1
2,0.31465798,0.055555556,88,0.041666667,0.5,2,-1
0,0.31465798,0.055555556,88,0.041666667,0.5,0,-1
6,0.667614104,0.076923077,160,0.100490196,0.5,6,-1
0,0.31465798,0.055555556,88,0.041666667,0.5,0,-1
2,0.31465798,0.055555556,88,0.041666667,0.5,2,-1
4,0.31465798,0.055555556,88,0.041666667,0.5,4,-1
10,3.200048062,0.388888889,136,0.791666667,1,10,-1
4,0.352956124,0.0625,72,0.058823529,0.5,4,-1
2,0.352956124,0.0625,72,0.058823529,0.5,2,-1
0,0.352956124,0.0625,72,0.058823529,0.5,0,-1
0,0.352956124,0.0625,72,0.058823529,0.5,0,-1
2,0.352956124,0.0625,72,0.058823529,0.5,2,-1
4,0.352956124,0.0625,72,0.058823529,0.5,4,-1
7,3.072105839,0.777777778,64,0.725490196,1,7,-1
7,3.072105839,0.777777778,64,0.725490196,1,7,-1
0,3.072105839,0.777777778,64,0.725490196,1,0,-1
7,3.072105839,0.777777778,64,0.725490196,1,7,-1
2,0.31465798,0.076923077,48,0.041666667,0.5,2,-1
2,0.31465798,0.076923077,48,0.041666667,0.5,2,-1
0,0.31465798,0.076923077,48,0.041666667,0.5,0,-1
11,3.083390054,0.75,49,0.857142857,1,11,-1
11,3.083390054,0.75,49,0.857142857,1,11,-1
11,3.083390054,0.75,49,0.857142857,1,11,-1
6,3.083390054,0.75,49,0.857142857,1,6,-1
11,3.083390054,0.75,49,0.857142857,1,11,-1
11,3.083390054,0.75,49,0.857142857,1,11,-1
0,3.083390054,0.75,49,0.857142857,1,0,-1
11,3.083390054,0.75,49,0.857142857,1,11,-1
11,3.083390054,0.75,49,0.857142857,1,11,-1
6,3.083390054,0.75,49,0.857142857,1,6,-1
11,3.083390054,0.75,49,0.857142857,1,11,-1
11,3.083390054,0.75,49,0.857142857,1,11,-1
0,3.083390054,0.75,49,0.857142857,1,0,-1
0,0.291206676,0.052631579,84,0.032258065,0.5,0,-1
0,0.605864657,0.0625,280,0.073924731,0.5,0,-1
0,4.551008286,0.764705882,224,0.759743547,1,0,-1
0,0.603090709,0.105263158,98,0.074390244,0.5,0,-1
0,0.560489184,0.071428571,224,0.056648308,0.5,0,-1
0,0.269282508,0.045454545,126,0.024390244,0.5,0,-1
0,4.597024066,0.52,336,0.78057688,1,0,-1
0,4.62047537,0.40625,434,0.789985482,1,0,-1
0,0.875147165,0.107142857,238,0.098314975,0.5,0,-1
0,0.310667467,0.035714286,210,0.04,0.5,0,-1
0,4.532758865,0.866666667,196,0.750814975,1,0,-1
0,0.269282508,0.047619048,112,0.024390244,0.5,0,-1
1,0.560489184,0.095238095,126,0.056648308,0.5,1,-1
1,0.31465798,0.047619048,112,0.041666667,0.5,1,-1
0,0.269282508,0.047619048,112,0.024390244,0.5,0,-1
0,0.269282508,0.034482759,224,0.024390244,0.5,0,-1
0,0.560489184,0.095238095,126,0.056648308,0.5,0,-1
0,0.603090709,0.105263158,98,0.074390244,0.5,0,-1
1,0.269282508,0.034482759,224,0.024390244,0.5,1,-1
0,4.532758865,0.866666667,196,0.750814975,1,0,-1
0,0.603090709,0.105263158,98,0.074390244,0.5,0,-1
0,4.577873846,0.619047619,280,0.772243547,1,0,-1
0,0.31465798,0.047619048,112,0.041666667,0.5,0,-1
0,0.291206676,0.038461538,182,0.032258065,0.5,0,-1
0,4.532758865,0.866666667,196,0.750814975,1,0,-1
0,0.560489184,0.095238095,126,0.056648308,0.5,0,-1
0,0.310667467,0.04,168,0.04,0.5,0,-1
0,0.601874143,0.086956522,154,0.072258065,0.5,0,-1
0,4.601014579,0.5,350,0.782243547,1,0,-1
0,0.291206676,0.052631579,84,0.032258065,0.5,0,-1
0,4.642399538,0.30952381,574,0.797853303,1,0,-1
0,0.31465798,0.047619048,112,0.041666667,0.5,0,-1
0,0.269282508,0.058823529,56,0.024390244,0.5,0,-1
0,0.560489184,0.071428571,224,0.056648308,0.5,0,-1
0,0.560489184,0.083333333,168,0.056648308,0.5,0,-1
0,4.532758865,0.866666667,196,0.750814975,1,0,-1
0,0.310667467,0.041666667,154,0.04,0.5,0,-1
0,0.310667467,0.05,98,0.04,0.5,0,-1
0,0.310667467,0.05,98,0.04,0.5,0,-1
0,0.310667467,0.05,98,0.04,0.5,0,-1
0,0.310667467,0.05,98,0.04,0.5,0,-1
0,0.310667467,0.05,98,0.04,0.5,0,-1
0,0.269282508,0.055555556,70,0.024390244,0.5,0,-1
0,0.291206676,0.05,98,0.032258065,0.5,0,-1
0,0.560489184,0.083333333,168,0.056648308,0.5,0,-1
0,0.291206676,0.05,98,0.032258065,0.5,0,-1
0,0.603090709,0.105263158,98,0.074390244,0.5,0,-1
0,0.269282508,0.047619048,112,0.024390244,0.5,0,-1
0,0.603090709,0.105263158,98,0.074390244,0.5,0,-1
0,0.291206676,0.052631579,84,0.032258065,0.5,0,-1
0,0.603090709,0.105263158,98,0.074390244,0.5,0,-1
0,0.269282508,0.047619048,112,0.024390244,0.5,0,-1
0,0.269282508,0.047619048,112,0.024390244,0.5,0,-1
0,0.269282508,0.047619048,112,0.024390244,0.5,0,-1
1,0.944614249,0.2,56,0.128556911,0.5,1,-1
0,4.532758865,0.866666667,196,0.750814975,1,0,-1
0,0.291206676,0.04,168,0.032258065,0.5,0,-1
0,4.532758865,0.866666667,196,0.750814975,1,0,-1
0,4.532758865,0.866666667,196,0.750814975,1,0,-1
0,0.944614249,0.2,56,0.128556911,0.5,0,-1
0,4.532758865,0.866666667,196,0.750814975,1,0,-1
1,0.310667467,0.055555556,70,0.04,0.5,1,-1
0,0.310667467,0.055555556,70,0.04,0.5,0,-1
0,0.31465798,0.047619048,112,0.041666667,0.5,0,-1
0,0.31465798,0.047619048,112,0.041666667,0.5,0,-1
0,0.31465798,0.047619048,112,0.041666667,0.5,0,-1
2,0.480898347,0.1,30,0.125,0.5,2,-1
2,0.480898347,0.041666667,114,0.125,0.5,2,-1
3,1.820478453,0.285714286,18,0.666666667,1,3,-1
2,0.480898347,0.090909091,36,0.125,0.5,2,-1
2,0.480898347,0.1,30,0.125,0.5,2,-1
2,0.480898347,0.1,30,0.125,0.5,2,-1
3,1.820478453,0.285714286,18,0.666666667,1,3,-1
8,2.959362957,0.75,49,0.791208791,1,8,-1
5,2.959362957,0.75,49,0.791208791,1,5,-1
8,2.959362957,0.75,49,0.791208791,1,8,-1
0,3.083390054,0.428571429,91,0.857142857,1,0,-1
0,0.389871245,0.083333333,42,0.076923077,0.5,0,-1
0,0.389871245,0.083333333,42,0.076923077,0.5,0,-1
0,0.389871245,0.083333333,42,0.076923077,0.5,0,-1
0,0.389871245,0.083333333,42,0.076923077,0.5,0,-1
8,2.959362957,0.75,49,0.791208791,1,8,-1
0,0.389871245,0.083333333,42,0.076923077,0.5,0,-1
0,0.389871245,0.083333333,42,0.076923077,0.5,0,-1
5,2.959362957,0.75,49,0.791208791,1,5,-1
0,2.959362957,0.75,49,0.791208791,1,0,-1
0,4.926001362,0.866666667,196,0.928571429,1,0,-1
0,4.926001362,0.866666667,196,0.928571429,1,0,-1
0,4.926001362,0.866666667,196,0.928571429,1,0,-1
1,4.926001362,0.866666667,196,0.928571429,1,1,-1
0,4.926001362,0.866666667,196,0.928571429,1,0,-1
0,4.926001362,0.866666667,196,0.928571429,1,0,-1
0,4.926001362,0.866666667,196,0.928571429,1,0,-1
0,4.926001362,0.866666667,196,0.928571429,1,0,-1
0,4.926001362,0.866666667,196,0.928571429,1,0,-1
0,4.926001362,0.866666667,196,0.928571429,1,0,-1
0,4.926001362,0.866666667,196,0.928571429,1,0,-1
0,4.926001362,0.866666667,196,0.928571429,1,0,-1
0,4.926001362,0.866666667,196,0.928571429,1,0,-1
0,4.926001362,0.866666667,196,0.928571429,1,0,-1
0,0.291206676,0.04,120,0.032258065,0.5,0,-1
0,0.291206676,0.047619048,96,0.032258065,0.5,0,-1
0,0.291206676,0.047619048,96,0.032258065,0.5,0,-1
0,0.291206676,0.034482759,144,0.032258065,0.5,0,-1
5,2.325554494,0.15625,186,0.584498834,1,5,-1
0,0.291206676,0.045454545,102,0.032258065,0.5,0,-1
2,0.291206676,0.052631579,84,0.032258065,0.5,2,-1
0,0.291206676,0.071428571,54,0.032258065,0.5,0,-1
0,0.291206676,0.071428571,54,0.032258065,0.5,0,-1
0,0.291206676,0.052631579,84,0.032258065,0.5,0,-1
0,0.291206676,0.04,120,0.032258065,0.5,0,-1
2,0.389871245,0.045454545,102,0.076923077,0.5,2,-1
5,2.226889925,0.357142857,78,0.539833822,1,5,-1
0,0.291206676,0.052631579,84,0.032258065,0.5,0,-1
0,0.291206676,0.071428571,54,0.032258065,0.5,0,-1
2,0.417032391,0.058823529,72,0.090909091,0.5,2,-1
5,2.199728779,0.416666667,66,0.525847808,1,5,-1
3,0.708239068,0.068965517,150,0.123167155,0.5,3,-1
0,2.058650544,0.714285714,36,0.450090232,1,0,-1
0,0.291206676,0.02173913,246,0.032258065,0.5,0,-1
0,0.291206676,0.047619048,96,0.032258065,0.5,0,-1
0,0.291206676,0.058823529,72,0.032258065,0.5,0,-1
2,0.291206676,0.052631579,84,0.032258065,0.5,2,-1
0,0.389871245,0.045454545,102,0.076923077,0.5,0,-1
0,0.402429604,0.055555556,78,0.083333333,0.5,0,-1
2,0.417032391,0.0625,66,0.090909091,0.5,2,-1
0,0.291206676,0.083333333,42,0.032258065,0.5,0,-1
0,0.291206676,0.058823529,72,0.032258065,0.5,0,-1
2,0.291206676,0.083333333,42,0.032258065,0.5,2,-1
2,0.389871245,0.083333333,42,0.076923077,0.5,2,-1
2,0.389871245,0.083333333,42,0.076923077,0.5,2,-1
5,2.058650544,0.714285714,36,0.450090232,1,5,-1
2,0.389871245,0.083333333,42,0.076923077,0.5,2,-1
2,0.389871245,0.083333333,42,0.076923077,0.5,2,-1
2,0.389871245,0.083333333,42,0.076923077,0.5,2,-1
0,0.291206676,0.052631579,84,0.032258065,0.5,0,-1
5,2.214331566,0.384615385,72,0.533423566,1,5,-1
0,0.291206676,0.052631579,84,0.032258065,0.5,0,-1
2,0.291206676,0.052631579,84,0.032258065,0.5,2,-1
2,0.291206676,0.052631579,84,0.032258065,0.5,2,-1
0,0.417032391,0.1,30,0.090909091,0.5,0,-1
0,0.402429604,0.090909091,36,0.083333333,0.5,0,-1
0,0.402429604,0.090909091,36,0.083333333,0.5,0,-1
0,0.402429604,0.090909091,36,0.083333333,0.5,0,-1
0,0.402429604,0.090909091,36,0.083333333,0.5,0,-1
2,0.417032391,0.1,30,0.090909091,0.5,2,-1
0,0.402429604,0.090909091,36,0.083333333,0.5,0,-1
0,0.31465798,0.018181818,343,0.041666667,0.5,0,-1
4,2.884149692,0.75,49,0.755952381,1,4,-1
4,2.884149692,0.75,49,0.755952381,1,4,-1
1,0.31465798,0.111111111,21,0.041666667,0.5,1,-1
1,0.31465798,0.066666667,63,0.041666667,0.5,1,-1
1,0.31465798,0.090909091,35,0.041666667,0.5,1,-1
0,2.884149692,0.75,49,0.755952381,1,0,-1
1,0.31465798,0.090909091,35,0.041666667,0.5,1,-1
1,0.31465798,0.047619048,105,0.041666667,0.5,1,-1
1,0.31465798,0.111111111,21,0.041666667,0.5,1,-1
1,0.31465798,0.111111111,21,0.041666667,0.5,1,-1
0,0.31465798,0.090909091,35,0.041666667,0.5,0,-1
0,0.31465798,0.066666667,63,0.041666667,0.5,0,-1
4,2.884149692,0.75,49,0.755952381,1,4,-1
0,2.884149692,0.75,49,0.755952381,1,0,-1
1,0.31465798,0.066666667,63,0.041666667,0.5,1,-1
1,0.31465798,0.066666667,63,0.041666667,0.5,1,-1
1,0.31465798,0.066666667,63,0.041666667,0.5,1,-1
1,0.31465798,0.066666667,63,0.041666667,0.5,1,-1
0,0.31465798,0.066666667,63,0.041666667,0.5,0,-1
1,0.31465798,0.066666667,63,0.041666667,0.5,1,-1
0,3.687788172,0.818181818,100,0.7875,1,0,-1
0,3.687788172,0.818181818,100,0.7875,1,0,-1
4,3.687788172,0.818181818,100,0.7875,1,4,-1
4,3.761408894,0.529411765,160,0.825,1,4,-1
0,3.687788172,0.818181818,100,0.7875,1,0,-1
0,3.687788172,0.818181818,100,0.7875,1,0,-1
4,3.761408894,0.529411765,160,0.825,1,4,-1
4,3.687788172,0.818181818,100,0.7875,1,4,-1
0,3.687788172,0.818181818,100,0.7875,1,0,-1
0,3.761408894,0.529411765,160,0.825,1,0,-1
3,1.082021281,0.2,80,0.1875,0.5,3,-1
3,1.082021281,0.2,80,0.1875,0.5,3,-1
3,1.082021281,0.2,80,0.1875,0.5,3,-1
3,1.082021281,0.2,80,0.1875,0.5,3,-1
3,1.082021281,0.2,80,0.1875,0.5,3,-1
3,1.082021281,0.2,80,0.1875,0.5,3,-1
5,3.083390054,0.75,49,0.857142857,1,5,-1
5,3.083390054,0.75,49,0.857142857,1,5,-1
5,3.083390054,0.75,49,0.857142857,1,5,-1
0,3.083390054,0.75,49,0.857142857,1,0,-1
5,3.083390054,0.75,49,0.857142857,1,5,-1
0,3.083390054,0.75,49,0.857142857,1,0,-1
5,3.083390054,0.75,49,0.857142857,1,5,-1
0,0.679246544,0.043478261,351,0.105263158,0.5,0,-1
7,4.815185905,0.270833333,858,0.876623377,1,7,-1
7,4.759778176,0.325,546,0.850649351,1,7,-1
0,4.759778176,0.325,546,0.850649351,1,0,-1
0,4.545743359,0.3,507,0.86013986,1,0,-1
2,0.323515453,0.02173913,312,0.045454545,0.5,2,-1
11,4.545743359,0.3,507,0.86013986,1,11,-1
7,4.759778176,0.325,546,0.850649351,1,7,-1
0,3.790362589,0.25,429,0.722146275,1,0,-1
9,5.99251436,0.325,546,1.491626794,1,9,-1
6,3.790362589,0.25,429,0.722146275,1,6,-1
4,1.821618223,0.075,156,0.571428571,1,4,-1
0,3.790362589,0.25,429,0.722146275,1,0,-1
11,4.545743359,0.3,507,0.86013986,1,11,-1
12,4.545743359,0.3,507,0.86013986,1,12,-1
0,4.545743359,0.3,507,0.86013986,1,0,-1
11,4.545743359,0.3,507,0.86013986,1,11,-1
11,4.545743359,0.3,507,0.86013986,1,11,-1
1,0.679246544,0.043478261,351,0.105263158,0.5,1,-1
11,4.545743359,0.3,507,0.86013986,1,11,-1
4,1.821618223,0.075,156,0.571428571,1,4,-1
11,4.545743359,0.3,507,0.86013986,1,11,-1
0,3.790362589,0.25,429,0.722146275,1,0,-1
0,3.867771708,0.208333333,741,0.760423787,1,0,-1
0,4.759778176,0.325,546,0.850649351,1,0,-1
0,0.647030906,0.043478261,351,0.090909091,0.5,0,-1
0,0.647030906,0.043478261,351,0.090909091,0.5,0,-1
0,0.647030906,0.043478261,351,0.090909091,0.5,0,-1
2,0.323515453,0.02173913,312,0.045454545,0.5,2,-1
7,4.759778176,0.325,546,0.850649351,1,7,-1
0,3.867771708,0.208333333,741,0.760423787,1,0,-1
0,0.647030906,0.043478261,351,0.090909091,0.5,0,-1
1,0.679246544,0.043478261,351,0.105263158,0.5,1,-1
1,0.679246544,0.043478261,351,0.105263158,0.5,1,-1
0,0.679246544,0.043478261,351,0.105263158,0.5,0,-1
0,0.647030906,0.043478261,351,0.090909091,0.5,0,-1
0,4.815185905,0.270833333,858,0.876623377,1,0,-1
0,4.815185905,0.270833333,858,0.876623377,1,0,-1
0,0.679246544,0.043478261,351,0.105263158,0.5,0,-1
0,0.647030906,0.043478261,351,0.090909091,0.5,0,-1
0,0.647030906,0.043478261,351,0.090909091,0.5,0,-1
0,0.647030906,0.034482759,819,0.090909091,0.5,0,-1
7,4.759778176,0.325,546,0.850649351,1,7,-1
7,4.759778176,0.325,546,0.850649351,1,7,-1
0,4.759778176,0.325,546,0.850649351,1,0,-1
0,4.759778176,0.325,546,0.850649351,1,0,-1
7,4.759778176,0.325,546,0.850649351,1,7,-1
4,1.821618223,0.075,156,0.571428571,1,4,-1
3,0.323515453,0.02173913,312,0.045454545,0.5,3,-1
11,4.545743359,0.3,507,0.86013986,1,11,-1
6,3.790362589,0.25,429,0.722146275,1,6,-1
2,0.323515453,0.02173913,312,0.045454545,0.5,2,-1
2,0.323515453,0.02173913,312,0.045454545,0.5,2,-1
6,3.790362589,0.25,429,0.722146275,1,6,-1
2,0.323515453,0.02173913,312,0.045454545,0.5,2,-1
3,0.323515453,0.02173913,312,0.045454545,0.5,3,-1
2,0.323515453,0.02173913,312,0.045454545,0.5,2,-1
6,2.790553133,0.714285714,36,0.833333333,1,6,-1
9,2.790553133,0.714285714,36,0.833333333,1,9,-1
6,2.790553133,0.714285714,36,0.833333333,1,6,-1
9,2.790553133,0.714285714,36,0.833333333,1,9,-1
6,2.790553133,0.714285714,36,0.833333333,1,6,-1
9,2.790553133,0.714285714,36,0.833333333,1,9,-1
2,1.076454548,0.333333333,15,0.311111111,1,2,-1
6,2.974269202,0.4,45,1.033333333,1,6,-1
0,2.808053881,0.666666667,25,0.944444444,1,0,-1
2,0.455119613,0.125,20,0.111111111,0.5,2,-1
0,0.455119613,0.125,20,0.111111111,0.5,0,-1
0,0.455119613,0.125,20,0.111111111,0.5,0,-1
0,0.455119613,0.125,20,0.111111111,0.5,0,-1
5,1.797802068,0.5,20,0.561111111,1,5,-1
3,1.797802068,0.5,20,0.561111111,1,3,-1
0,0.303413076,0.0625,60,0.037037037,0.5,0,-1
4,0.303413076,0.0625,60,0.037037037,0.5,4,-1
0,2.167417879,0.4,45,0.637037037,1,0,-1
0,0.303413076,0.071428571,50,0.037037037,0.5,0,-1
0,2.001202558,0.666666667,25,0.548148148,1,0,-1
2,0.303413076,0.090909091,35,0.037037037,0.5,2,-1
2,0.303413076,0.090909091,35,0.037037037,0.5,2,-1
2,0.303413076,0.071428571,50,0.037037037,0.5,2,-1
0,0.455119613,0.125,20,0.111111111,0.5,0,-1
0,0.303413076,0.111111111,25,0.037037037,0.5,0,-1
2,0.303413076,0.090909091,35,0.037037037,0.5,2,-1
0,0.455119613,0.125,20,0.111111111,0.5,0,-1
0,0.303413076,0.111111111,25,0.037037037,0.5,0,-1
0,2.001202558,0.666666667,25,0.548148148,1,0,-1
4,2.001202558,0.666666667,25,0.548148148,1,4,-1
4,0.303413076,0.090909091,35,0.037037037,0.5,4,-1
4,0.303413076,0.071428571,50,0.037037037,0.5,4,-1
0,0.455119613,0.125,20,0.111111111,0.5,0,-1
0,0.303413076,0.111111111,25,0.037037037,0.5,0,-1
2,0.303413076,0.090909091,35,0.037037037,0.5,2,-1
2,0.303413076,0.071428571,50,0.037037037,0.5,2,-1
2,0.303413076,0.071428571,50,0.037037037,0.5,2,-1
4,0.303413076,0.071428571,50,0.037037037,0.5,4,-1
2,0.303413076,0.071428571,50,0.037037037,0.5,2,-1
0,1.4271902,0.230769231,48,0.37037037,1,0,-1
5,1.4271902,0.230769231,48,0.37037037,1,5,-1
0,0.303413076,0.083333333,36,0.037037037,0.5,0,-1
0,0.303413076,0.076923077,40,0.037037037,0.5,0,-1
0,0.303413076,0.125,20,0.037037037,0.5,0,-1
3,1.108272284,0.375,28,0.203703704,0.5,3,-1
3,1.108272284,0.375,28,0.203703704,0.5,3,-1
2,0.303413076,0.076923077,40,0.037037037,0.5,2,-1
0,1.108272284,0.5,20,0.203703704,0.5,0,-1
3,1.108272284,0.375,28,0.203703704,0.5,3,-1
0,1.108272284,0.5,20,0.203703704,0.5,0,-1
0,0.303413076,0.125,20,0.037037037,0.5,0,-1
4,0.303413076,0.125,20,0.037037037,0.5,4,-1
6,1.108272284,0.375,28,0.203703704,0.5,6,-1
4,0.303413076,0.076923077,40,0.037037037,0.5,4,-1
0,1.108272284,0.5,20,0.203703704,0.5,0,-1
3,1.108272284,0.375,28,0.203703704,0.5,3,-1
2,0.303413076,0.076923077,40,0.037037037,0.5,2,-1
2,0.303413076,0.076923077,40,0.037037037,0.5,2,-1
4,0.303413076,0.076923077,40,0.037037037,0.5,4,-1
2,0.303413076,0.076923077,40,0.037037037,0.5,2,-1
1,0.605864657,0.058823529,320,0.073924731,0.5,1,-1
0,2.837492454,0.24137931,320,0.605962546,1,0,-1
0,0.72134752,0.074074074,180,0.125,0.5,0,-1
0,3.529552882,0.222222222,480,0.841081594,1,0,-1
0,3.221617518,0.186046512,620,0.677871148,1,0,-1
8,5.017461468,0.48,340,1.115591398,1,8,-1
0,0.605864657,0.0625,280,0.073924731,0.5,0,-1
0,0.72134752,0.086956522,100,0.125,0.5,0,-1
0,0.72134752,0.076923077,160,0.125,0.5,0,-1
0,2.170369529,0.260869565,180,0.382748261,0.5,0,-1
0,3.072105839,0.333333333,160,0.725490196,1,0,-1
4,0.72134752,0.076923077,160,0.125,0.5,4,-1
0,2.170369529,0.260869565,180,0.382748261,0.5,0,-1
0,1.270912987,0.058823529,320,0.395833333,1,0,-1
1,0.605864657,0.0625,280,0.073924731,0.5,1,-1
2,0.605864657,0.052631579,400,0.073924731,0.5,2,-1
8,3.072105839,0.333333333,160,0.725490196,1,8,-1
0,0.291206676,0.03125,260,0.032258065,0.5,0,-1
0,1.442695041,0.047619048,40,0.5,1,0,-1
2,0.605864657,0.0625,280,0.073924731,0.5,2,-1
4,2.170369529,0.260869565,180,0.382748261,0.5,4,-1
0,0.291206676,0.033333333,220,0.032258065,0.5,0,-1
0,0.605864657,0.046511628,500,0.073924731,0.5,0,-1
0,0.291206676,0.04,120,0.032258065,0.5,0,-1
6,3.20637503,0.173076923,820,0.549414927,0.5,6,-1
8,3.072105839,0.333333333,160,0.725490196,1,8,-1
0,0.72134752,0.090909091,80,0.125,0.5,0,-1
0,2.837492454,0.24137931,320,0.605962546,1,0,-1
2,0.72134752,0.044444444,540,0.125,0.5,2,-1
0,2.79573661,0.28,240,0.585129213,1,0,-1
0,0.605864657,0.0625,280,0.073924731,0.5,0,-1
0,0.72134752,0.086956522,100,0.125,0.5,0,-1
0,0.72134752,0.086956522,100,0.125,0.5,0,-1
0,0.72134752,0.086956522,100,0.125,0.5,0,-1
0,0.72134752,0.095238095,60,0.125,1,0,-1
0,0.72134752,0.086956522,100,0.125,0.5,0,-1
0,2.331311748,0.285714286,140,0.466781874,1,0,-1
0,2.79573661,0.28,240,0.585129213,1,0,-1
0,2.331311748,0.285714286,140,0.466781874,1,0,-1
0,0.72134752,0.076923077,160,0.125,0.5,0,-1
0,0.291206676,0.04,120,0.032258065,0.5,0,-1
0,0.72134752,0.076923077,160,0.125,0.5,0,-1
0,0.72134752,0.076923077,160,0.125,0.5,0,-1
0,0.72134752,0.076923077,160,0.125,0.5,0,-1
0,0.31465798,0.043478261,80,0.041666667,0.5,0,-1
2,0.605864657,0.0625,280,0.073924731,0.5,2,-1
0,0.291206676,0.032258065,240,0.032258065,0.5,0,-1
2,0.605864657,0.0625,280,0.073924731,0.5,2,-1
0,0.605864657,0.0625,280,0.073924731,0.5,0,-1
2,1.442695041,0.047619048,40,0.5,1,2,-1
2,0.72134752,0.090909091,80,0.125,0.5,2,-1
1,0.31465798,0.043478261,80,0.041666667,0.5,1,-1
0,0.605864657,0.0625,280,0.073924731,0.5,0,-1
0,0.72134752,0.090909091,80,0.125,0.5,0,-1
8,3.072105839,0.333333333,160,0.725490196,1,8,-1
0,3.072105839,0.333333333,160,0.725490196,1,0,-1
0,3.072105839,0.333333333,160,0.725490196,1,0,-1
0,0.910239227,0.333333333,4,0.333333333,1,0,-1
0,1.442695041,0.25,6,0.5,1,0,-1
0,0.910239227,0.5,2,0.333333333,0.5,0,-1
0,2.164042561,0.6,16,0.75,1,0,-1
0,2.164042561,0.6,16,0.75,1,0,-1
0,2.164042561,0.6,16,0.75,1,0,-1
0,2.164042561,0.6,16,0.75,1,0,-1
2,0,0,5,0,1,2,-1
2,0.621334935,0.25,4,0.2,0.5,2,-1
4,0.621334935,0.25,4,0.2,0.5,4,-1
4,0.621334935,0.25,4,0.2,0.5,4,-1
4,0.621334935,0.25,4,0.2,0.5,4,-1
0,0.558110627,0.2,9,0.166666667,0.5,0,-1
0,0.558110627,0.2,9,0.166666667,0.5,0,-1
0,0.558110627,0.2,9,0.166666667,0.5,0,-1
0,1.468349853,0.5,9,0.5,1,0,-1
0,1.820478453,0.285714286,18,0.666666667,1,0,-1
0,1.468349853,0.5,9,0.5,1,0,-1
0,2.164042561,0.375,28,0.75,1,0,-1
0,0.513898342,0.166666667,12,0.142857143,0.5,0,-1
0,1.956593383,0.6,16,0.642857143,1,0,-1
0,0.513898342,0.166666667,12,0.142857143,0.5,0,-1
0,0.513898342,0.166666667,12,0.142857143,0.5,0,-1
0,1.956593383,0.6,16,0.642857143,1,0,-1
0,1.956593383,0.6,16,0.642857143,1,0,-1
0,3.640956907,0.8,81,0.888888889,1,0,-1
0,3.640956907,0.8,81,0.888888889,1,0,-1
0,3.640956907,0.8,81,0.888888889,1,0,-1
0,3.640956907,0.8,81,0.888888889,1,0,-1
0,3.640956907,0.8,81,0.888888889,1,0,-1
2,3.640956907,0.8,81,0.888888889,1,2,-1
0,3.640956907,0.8,81,0.888888889,1,0,-1
3,0.603090709,0.095238095,112,0.074390244,0.5,3,-1
0,0.560489184,0.066666667,256,0.056648308,0.5,0,-1
0,0.269282508,0.041666667,144,0.024390244,0.5,0,-1
0,6.057968528,0.6,384,1.289505451,1,0,-1
0,4.638724792,0.382352941,496,0.798914053,1,0,-1
2,0.875147165,0.1,272,0.098314975,0.5,2,-1
0,0.310667467,0.033333333,240,0.04,0.5,0,-1
0,4.551008286,0.764705882,224,0.759743547,1,0,-1
0,0.269282508,0.043478261,128,0.024390244,0.5,0,-1
0,0.560489184,0.086956522,144,0.056648308,0.5,0,-1
0,0.31465798,0.043478261,128,0.041666667,0.5,0,-1
2,0.269282508,0.043478261,128,0.024390244,0.5,2,-1
2,0.269282508,0.032258065,256,0.024390244,0.5,2,-1
0,0.560489184,0.086956522,144,0.056648308,0.5,0,-1
3,0.603090709,0.095238095,112,0.074390244,0.5,3,-1
0,0.269282508,0.032258065,256,0.024390244,0.5,0,-1
7,4.551008286,0.764705882,224,0.759743547,1,7,-1
3,0.603090709,0.095238095,112,0.074390244,0.5,3,-1
6,4.596123267,0.565217391,320,0.781172118,1,6,-1
1,0.31465798,0.043478261,128,0.041666667,0.5,1,-1
0,0.291206676,0.035714286,208,0.032258065,0.5,0,-1
6,4.551008286,0.764705882,224,0.759743547,1,6,-1
2,0.560489184,0.086956522,144,0.056648308,0.5,2,-1
0,0.310667467,0.037037037,192,0.04,0.5,0,-1
0,0.601874143,0.08,176,0.072258065,0.5,0,-1
0,4.619264001,0.464285714,400,0.791172118,1,0,-1
0,0.291206676,0.047619048,96,0.032258065,0.5,0,-1
7,6.103344001,0.357142857,656,1.306781874,1,7,-1
1,0.31465798,0.043478261,128,0.041666667,0.5,1,-1
0,0.269282508,0.052631579,64,0.024390244,0.5,0,-1
0,0.560489184,0.066666667,256,0.056648308,0.5,0,-1
0,0.560489184,0.076923077,192,0.056648308,0.5,0,-1
0,4.551008286,0.764705882,224,0.759743547,1,0,-1
0,0.310667467,0.038461538,176,0.04,0.5,0,-1
0,0.310667467,0.045454545,112,0.04,0.5,0,-1
0,0.310667467,0.045454545,112,0.04,0.5,0,-1
0,0.310667467,0.045454545,112,0.04,0.5,0,-1
0,0.310667467,0.045454545,112,0.04,0.5,0,-1
0,0.310667467,0.045454545,112,0.04,0.5,0,-1
0,0.269282508,0.05,80,0.024390244,0.5,0,-1
0,0.291206676,0.045454545,112,0.032258065,0.5,0,-1
0,0.560489184,0.076923077,192,0.056648308,0.5,0,-1
0,0.291206676,0.045454545,112,0.032258065,0.5,0,-1
3,0.603090709,0.095238095,112,0.074390244,0.5,3,-1
0,0.269282508,0.043478261,128,0.024390244,0.5,0,-1
3,0.603090709,0.095238095,112,0.074390244,0.5,3,-1
0,0.291206676,0.047619048,96,0.032258065,0.5,0,-1
3,0.603090709,0.095238095,112,0.074390244,0.5,3,-1
0,0.269282508,0.043478261,128,0.024390244,0.5,0,-1
0,0.269282508,0.043478261,128,0.024390244,0.5,0,-1
0,0.269282508,0.043478261,128,0.024390244,0.5,0,-1
0,1.305288009,0.176470588,64,0.316056911,1,0,-1
6,4.551008286,0.764705882,224,0.759743547,1,6,-1
0,0.291206676,0.037037037,192,0.032258065,0.5,0,-1
6,4.551008286,0.764705882,224,0.759743547,1,6,-1
0,4.551008286,0.764705882,224,0.759743547,1,0,-1
3,1.305288009,0.176470588,64,0.316056911,1,3,-1
0,4.551008286,0.764705882,224,0.759743547,1,0,-1
0,0.310667467,0.05,80,0.04,0.5,0,-1
0,0.310667467,0.05,80,0.04,0.5,0,-1
1,0.31465798,0.043478261,128,0.041666667,0.5,1,-1
0,0.31465798,0.043478261,128,0.041666667,0.5,0,-1
0,0.31465798,0.043478261,128,0.041666667,0.5,0,-1
2,0.339623272,0.1,30,0.052631579,0.5,2,-1
6,2.790553133,0.25,114,0.833333333,1,6,-1
2,0.339623272,0.076923077,48,0.052631579,0.5,2,-1
0,0.339623272,0.05,90,0.052631579,0.5,0,-1
6,2.572065778,0.714285714,36,0.719298246,1,6,-1
2,0.339623272,0.032258065,156,0.052631579,0.5,2,-1
0,0.339623272,0.041666667,114,0.052631579,0.5,0,-1
0,0.339623272,0.071428571,54,0.052631579,0.5,0,-1
0,0.339623272,0.071428571,54,0.052631579,0.5,0,-1
0,0.339623272,0.071428571,54,0.052631579,0.5,0,-1
0,0.339623272,0.071428571,54,0.052631579,0.5,0,-1
2,0.339623272,0.076923077,48,0.052631579,0.5,2,-1
2,0.339623272,0.090909091,36,0.052631579,0.5,2,-1
2,0.339623272,0.1,30,0.052631579,0.5,2,-1
2,0.339623272,0.1,30,0.052631579,0.5,2,-1
6,2.572065778,0.714285714,36,0.719298246,1,6,-1
7,2.572065778,0.714285714,36,0.719298246,1,7,-1
6,2.572065778,0.714285714,36,0.719298246,1,6,-1
6,2.572065778,0.714285714,36,0.719298246,1,6,-1
2,2.485339738,0.666666667,25,0.8,1,2,-1
0,2.485339738,0.666666667,25,0.8,1,0,-1
0,2.485339738,0.666666667,25,0.8,1,0,-1
7,3.083390054,0.75,49,0.857142857,1,7,-1
7,3.083390054,0.75,49,0.857142857,1,7,-1
7,3.083390054,0.75,49,0.857142857,1,7,-1
7,3.083390054,0.75,49,0.857142857,1,7,-1
7,3.083390054,0.75,49,0.857142857,1,7,-1
9,3.083390054,0.75,49,0.857142857,1,9,-1
9,3.083390054,0.75,49,0.857142857,1,9,-1
5,2.485339738,0.666666667,25,0.8,1,5,-1
5,2.485339738,0.666666667,25,0.8,1,5,-1
5,2.485339738,0.666666667,25,0.8,1,5,-1
5,2.485339738,0.666666667,25,0.8,1,5,-1
5,2.485339738,0.666666667,25,0.8,1,5,-1
5,2.485339738,0.666666667,25,0.8,1,5,-1
0,2.485339738,0.666666667,25,0.8,1,0,-1
3,2.485339738,0.666666667,25,0.8,1,3,-1
0,0.269282508,0.045454545,112,0.024390244,0.5,0,-1
0,0.269282508,0.066666667,63,0.024390244,0.5,0,-1
0,0.603090709,0.068965517,168,0.074390244,0.5,0,-1
0,0.603090709,0.055555556,217,0.074390244,0.5,0,-1
4,0.269282508,0.043478261,119,0.024390244,0.5,4,-1
0,0.603090709,0.105263158,98,0.074390244,0.5,0,-1
0,0.269282508,0.071428571,56,0.024390244,0.5,0,-1
0,0.269282508,0.066666667,63,0.024390244,0.5,0,-1
4,0.269282508,0.071428571,56,0.024390244,0.5,4,-1
0,0.269282508,0.066666667,63,0.024390244,0.5,0,-1
12,2.658684078,0.75,49,0.645818815,1,12,-1
0,0.269282508,0.045454545,112,0.024390244,0.5,0,-1
3,0.603090709,0.105263158,98,0.074390244,0.5,3,-1
12,2.658684078,0.75,49,0.645818815,1,12,-1
12,2.83877422,0.285714286,140,0.738675958,1,12,-1
6,0.603090709,0.105263158,98,0.074390244,0.5,6,-1
4,0.269282508,0.066666667,63,0.024390244,0.5,4,-1
0,0.603090709,0.066666667,175,0.074390244,0.5,0,-1
12,2.903299913,0.142857143,287,0.764285714,1,12,-1
0,0.269282508,0.1,28,0.024390244,0.5,0,-1
0,0.269282508,0.045454545,112,0.024390244,0.5,0,-1
0,0.269282508,0.055555556,84,0.024390244,0.5,0,-1
0,0.603090709,0.105263158,98,0.074390244,0.5,0,-1
0,0.269282508,0.090909091,35,0.024390244,0.5,0,-1
0,0.269282508,0.055555556,84,0.024390244,0.5,0,-1
12,2.658684078,0.75,49,0.645818815,1,12,-1
0,0.269282508,0.071428571,56,0.024390244,0.5,0,-1
7,2.658684078,0.75,49,0.645818815,1,7,-1
7,2.658684078,0.75,49,0.645818815,1,7,-1
0,0.269282508,0.071428571,56,0.024390244,0.5,0,-1
0,0.269282508,0.071428571,56,0.024390244,0.5,0,-1
0,0.269282508,0.071428571,56,0.024390244,0.5,0,-1
0,0.269282508,0.1,28,0.024390244,0.5,0,-1
6,0.603090709,0.105263158,98,0.074390244,0.5,6,-1
6,0.603090709,0.105263158,98,0.074390244,0.5,6,-1
0,0.603090709,0.105263158,98,0.074390244,0.5,0,-1
2,0.269282508,0.1,28,0.024390244,0.5,2,-1
0,0.603090709,0.105263158,98,0.074390244,0.5,0,-1
3,2.485339738,0.666666667,25,0.8,1,3,-1
3,2.485339738,0.666666667,25,0.8,1,3,-1
0,2.485339738,0.666666667,25,0.8,1,0,-1
0,2.485339738,0.666666667,25,0.8,1,0,-1
3,2.485339738,0.666666667,25,0.8,1,3,-1
4,2.164042561,0.5,20,0.75,1,4,-1
7,2.164042561,0.5,20,0.75,1,7,-1
7,2.164042561,0.5,20,0.75,1,7,-1
7,2.164042561,0.5,20,0.75,1,7,-1
0,2.485339738,0.125,243,0.8,1,0,-1
0,3.835029615,0.321428571,270,0.8625,1,0,-1
0,2.319124417,0.142857143,135,0.711111111,1,0,-1
6,2.860452578,0.214285714,189,0.738095238,1,6,-1
6,2.860452578,0.214285714,189,0.738095238,1,6,-1
6,3.835029615,0.321428571,270,0.8625,1,6,-1
0,0.455119613,0.033333333,108,0.111111111,0.5,0,-1
0,2.047529078,0.142857143,135,0.566666667,1,0,-1
0,0.36067376,0.03125,162,0.0625,0.5,0,-1
6,2.860452578,0.214285714,189,0.738095238,1,6,-1
0,0.455119613,0.033333333,108,0.111111111,0.5,0,-1
0,2.319124417,0.142857143,135,0.711111111,1,0,-1
4,2.319124417,0.142857143,135,0.711111111,1,4,-1
8,2.860452578,0.214285714,189,0.738095238,1,8,-1
0,0.455119613,0.033333333,108,0.111111111,0.5,0,-1
0,0.36067376,0.03125,162,0.0625,0.5,0,-1
0,0.36067376,0.03125,162,0.0625,0.5,0,-1
0,0.36067376,0.03125,162,0.0625,0.5,0,-1
0,0.36067376,0.025,378,0.0625,0.5,0,-1
0,2.047529078,0.142857143,135,0.566666667,1,0,-1
6,2.860452578,0.214285714,189,0.738095238,1,6,-1
6,3.835029615,0.321428571,270,0.8625,1,6,-1
6,3.835029615,0.321428571,270,0.8625,1,6,-1
8,3.835029615,0.321428571,270,0.8625,1,8,-1
6,3.835029615,0.321428571,270,0.8625,1,6,-1
3,0.779742491,0.166666667,45,0.153846154,0.5,3,-1
16,3.51046017,0.8,81,0.820512821,1,16,-1
16,3.51046017,0.8,81,0.820512821,1,16,-1
16,3.51046017,0.8,81,0.820512821,1,16,-1
16,3.51046017,0.8,81,0.820512821,1,16,-1
16,3.51046017,0.8,81,0.820512821,1,16,-1
9,3.51046017,0.8,81,0.820512821,1,9,-1
16,3.51046017,0.8,81,0.820512821,1,16,-1
3,0.779742491,0.166666667,45,0.153846154,0.5,3,-1
3,0.779742491,0.166666667,45,0.153846154,0.5,3,-1
3,0.779742491,0.166666667,45,0.153846154,0.5,3,-1
2,0.455119613,0.125,20,0.111111111,0.5,2,-1
3,2.164042561,0.3,36,0.75,1,3,-1
0,1.897814654,0.6,16,0.611111111,1,0,-1
2,0.455119613,0.125,20,0.111111111,0.5,2,-1
